fts_cohort,fts_sub_consolidated,free_trial_fts,non_uploader,fts_refund_chargeback,renewal_refund_chargeback,renewal_gross,fts_gross,fts_net,renewal_net,net_gross_retention,net_net_retention,gross_gross_retention,gross_net_retention,predicted_retention
2018-01-01,business,0,0,22,3.0,162.0,218,196.0,159.0,0.7293577981651376,0.8112244897959183,0.7431192660550459,0.826530612244898,0
2018-01-01,business,0,1,9,4.0,109.0,138,129.0,105.0,0.7608695652173914,0.813953488372093,0.7898550724637681,0.8449612403100775,0
2018-01-01,business,1,1,2,0.0,1.0,3,1.0,1.0,0.3333333333333333,1.0,0.3333333333333333,1.0,0
2018-01-01,other,0,0,8,2.0,50.0,63,55.0,48.0,0.7619047619047619,0.8727272727272727,0.7936507936507936,0.9090909090909091,0
2018-01-01,other,0,1,6,3.0,20.0,28,22.0,17.0,0.6071428571428571,0.7727272727272727,0.7142857142857143,0.9090909090909091,0
2018-01-01,plus yearly,0,0,185,205.0,6608.0,8498,8313.0,6403.0,0.7534714050364791,0.7702393840971972,0.7775947281713345,0.7948995549139901,0
2018-01-01,plus yearly,0,1,269,77.0,2541.0,3377,3108.0,2464.0,0.7296416938110749,0.7927927927927928,0.752442996742671,0.8175675675675675,0
2018-01-01,plus yearly,1,1,5,2.0,19.0,41,36.0,17.0,0.4146341463414634,0.4722222222222222,0.4634146341463415,0.5277777777777778,0
2018-01-01,pro,0,0,88,42.0,1354.0,1773,1685.0,1312.0,0.7399887196841511,0.7786350148367952,0.763677382966723,0.8035608308605341,0
2018-01-01,pro,0,1,90,26.0,686.0,945,855.0,660.0,0.6984126984126984,0.7719298245614035,0.725925925925926,0.8023391812865497,0
2018-01-01,pro,1,0,0,0.0,0.0,1,1.0,0.0,0.0,0.0,0.0,0.0,0
2018-01-01,pro,1,1,3,0.0,13.0,20,17.0,13.0,0.65,0.7647058823529411,0.65,0.7647058823529411,0
2018-02-01,business,0,0,26,10.0,195.0,248,222.0,185.0,0.7459677419354839,0.8333333333333334,0.7862903225806451,0.8783783783783784,0
2018-02-01,business,0,1,20,4.0,103.0,145,125.0,99.0,0.6827586206896552,0.792,0.7103448275862069,0.824,0
2018-02-01,business,1,1,1,0.0,2.0,3,2.0,2.0,0.6666666666666666,1.0,0.6666666666666666,1.0,0
2018-02-01,other,0,0,6,2.0,40.0,50,44.0,38.0,0.76,0.8636363636363636,0.8,0.9090909090909091,0
2018-02-01,other,0,1,4,1.0,24.0,29,25.0,23.0,0.7931034482758621,0.92,0.8275862068965517,0.96,0
2018-02-01,plus yearly,0,0,164,192.0,6907.0,9069,8905.0,6715.0,0.7404344470173118,0.7540707467714767,0.7616054691807256,0.7756316676024705,0
2018-02-01,plus yearly,0,1,245,79.0,2482.0,3386,3141.0,2403.0,0.7096869462492617,0.7650429799426934,0.7330183106910809,0.7901942056669851,0
2018-02-01,plus yearly,1,0,0,0.0,2.0,2,2.0,2.0,1.0,1.0,1.0,1.0,0
2018-02-01,plus yearly,1,1,14,1.0,34.0,66,52.0,33.0,0.5,0.6346153846153846,0.5151515151515151,0.6538461538461539,0
2018-02-01,premium yearly,0,0,2,0.0,11.0,14,12.0,11.0,0.7857142857142857,0.9166666666666666,0.7857142857142857,0.9166666666666666,0
2018-02-01,premium yearly,0,1,0,0.0,4.0,7,7.0,4.0,0.5714285714285714,0.5714285714285714,0.5714285714285714,0.5714285714285714,0
2018-02-01,pro,0,0,95,45.0,1322.0,1751,1656.0,1277.0,0.7292975442604226,0.7711352657004831,0.7549971444888635,0.7983091787439613,0
2018-02-01,pro,0,1,75,20.0,610.0,859,784.0,590.0,0.6868451688009313,0.7525510204081632,0.710128055878929,0.7780612244897959,0
2018-02-01,pro,1,1,0,0.0,10.0,11,11.0,10.0,0.9090909090909091,0.9090909090909091,0.9090909090909091,0.9090909090909091,0
2018-03-01,business,0,0,16,5.0,182.0,232,216.0,177.0,0.7629310344827587,0.8194444444444444,0.7844827586206896,0.8425925925925926,0
2018-03-01,business,0,1,23,5.0,115.0,159,136.0,110.0,0.6918238993710691,0.8088235294117647,0.7232704402515723,0.8455882352941176,0
2018-03-01,business,1,1,3,0.0,0.0,4,1.0,0.0,0.0,0.0,0.0,0.0,0
2018-03-01,other,0,0,5,4.0,50.0,61,56.0,46.0,0.7540983606557377,0.8214285714285714,0.819672131147541,0.8928571428571429,0
2018-03-01,other,0,1,4,4.0,13.0,23,19.0,9.0,0.391304347826087,0.47368421052631576,0.5652173913043478,0.6842105263157895,0
2018-03-01,plus yearly,0,0,193,216.0,6887.0,8885,8692.0,6671.0,0.7508159819921215,0.7674873446847676,0.7751266178953292,0.7923377818683848,0
2018-03-01,plus yearly,0,1,267,76.0,2357.0,3299,3032.0,2281.0,0.6914216429220976,0.7523087071240105,0.7144589269475599,0.7773746701846965,0
2018-03-01,plus yearly,1,0,0,0.0,1.0,1,1.0,1.0,1.0,1.0,1.0,1.0,0
2018-03-01,plus yearly,1,1,26,5.0,38.0,90,64.0,33.0,0.36666666666666664,0.515625,0.4222222222222222,0.59375,0
2018-03-01,premium yearly,0,0,8,3.0,34.0,68,60.0,31.0,0.45588235294117646,0.5166666666666667,0.5,0.5666666666666667,0
2018-03-01,premium yearly,0,1,8,3.0,28.0,45,37.0,25.0,0.5555555555555556,0.6756756756756757,0.6222222222222222,0.7567567567567568,0
2018-03-01,pro,0,0,81,47.0,1525.0,2002,1921.0,1478.0,0.7382617382617382,0.769390942217595,0.7617382617382618,0.7938573659552316,0
2018-03-01,pro,0,1,99,31.0,733.0,968,869.0,702.0,0.7252066115702479,0.807825086306099,0.7572314049586777,0.8434982738780207,0
2018-03-01,pro,1,0,0,0.0,2.0,2,2.0,2.0,1.0,1.0,1.0,1.0,0
2018-03-01,pro,1,1,2,2.0,15.0,26,24.0,13.0,0.5,0.5416666666666666,0.5769230769230769,0.625,0
2018-04-01,business,0,0,30,6.0,171.0,225,195.0,165.0,0.7333333333333333,0.8461538461538461,0.76,0.8769230769230769,0
2018-04-01,business,0,1,14,4.0,94.0,126,112.0,90.0,0.7142857142857143,0.8035714285714286,0.746031746031746,0.8392857142857143,0
2018-04-01,business,1,0,1,0.0,0.0,1,0.0,0.0,0.0,,0.0,,0
2018-04-01,business,1,1,0,0.0,1.0,1,1.0,1.0,1.0,1.0,1.0,1.0,0
2018-04-01,other,0,0,3,1.0,50.0,61,58.0,49.0,0.8032786885245902,0.8448275862068966,0.819672131147541,0.8620689655172413,0
2018-04-01,other,0,1,4,0.0,16.0,24,20.0,16.0,0.6666666666666666,0.8,0.6666666666666666,0.8,0
2018-04-01,plus yearly,0,0,156,176.0,5777.0,7590,7434.0,5601.0,0.7379446640316205,0.7534301856335754,0.761133069828722,0.7771051923594297,0
2018-04-01,plus yearly,0,1,236,54.0,1985.0,2777,2541.0,1931.0,0.6953546993158084,0.7599370326643053,0.7148001440403313,0.7811885084612358,0
2018-04-01,plus yearly,1,0,1,0.0,1.0,1,0.0,1.0,1.0,inf,1.0,inf,0
2018-04-01,plus yearly,1,1,7,0.0,23.0,43,36.0,23.0,0.5348837209302325,0.6388888888888888,0.5348837209302325,0.6388888888888888,0
2018-04-01,premium yearly,0,0,17,3.0,53.0,87,70.0,50.0,0.5747126436781609,0.7142857142857143,0.6091954022988506,0.7571428571428571,0
2018-04-01,premium yearly,0,1,11,3.0,43.0,69,58.0,40.0,0.5797101449275363,0.6896551724137931,0.6231884057971014,0.7413793103448276,0
2018-04-01,pro,0,0,80,37.0,1405.0,1815,1735.0,1368.0,0.7537190082644628,0.7884726224783861,0.7741046831955923,0.8097982708933718,0
2018-04-01,pro,0,1,81,21.0,646.0,900,819.0,625.0,0.6944444444444444,0.7631257631257631,0.7177777777777777,0.7887667887667887,0
2018-04-01,pro,1,0,0,0.0,1.0,1,1.0,1.0,1.0,1.0,1.0,1.0,0
2018-04-01,pro,1,1,7,2.0,11.0,20,13.0,9.0,0.45,0.6923076923076923,0.55,0.8461538461538461,0
2018-05-01,business,0,0,19,5.0,180.0,242,223.0,175.0,0.7231404958677686,0.7847533632286996,0.743801652892562,0.8071748878923767,0
2018-05-01,business,0,1,17,7.0,94.0,130,113.0,87.0,0.6692307692307692,0.7699115044247787,0.7230769230769231,0.831858407079646,0
2018-05-01,business,1,0,0,0.0,0.0,1,1.0,0.0,0.0,0.0,0.0,0.0,0
2018-05-01,business,1,1,2,0.0,0.0,2,0.0,0.0,0.0,,0.0,,0
2018-05-01,other,0,0,3,5.0,58.0,73,70.0,53.0,0.726027397260274,0.7571428571428571,0.7945205479452054,0.8285714285714286,0
2018-05-01,other,0,1,3,1.0,27.0,33,30.0,26.0,0.7878787878787878,0.8666666666666667,0.8181818181818182,0.9,0
2018-05-01,plus yearly,0,0,148,194.0,6041.0,7916,7768.0,5847.0,0.7386306215260232,0.7527033985581875,0.7631379484588175,0.7776776519052523,0
2018-05-01,plus yearly,0,1,238,67.0,2045.0,2870,2632.0,1978.0,0.689198606271777,0.7515197568389058,0.7125435540069687,0.7769756838905775,0
2018-05-01,plus yearly,1,0,0,0.0,3.0,3,3.0,3.0,1.0,1.0,1.0,1.0,0
2018-05-01,plus yearly,1,1,3,0.0,12.0,24,21.0,12.0,0.5,0.5714285714285714,0.5,0.5714285714285714,0
2018-05-01,premium yearly,0,0,22,4.0,69.0,123,101.0,65.0,0.5284552845528455,0.6435643564356436,0.5609756097560976,0.6831683168316832,0
2018-05-01,premium yearly,0,1,11,0.0,39.0,61,50.0,39.0,0.639344262295082,0.78,0.639344262295082,0.78,0
2018-05-01,pro,0,0,88,48.0,1427.0,1862,1774.0,1379.0,0.7406015037593985,0.7773393461104848,0.7663802363050484,0.8043968432919955,0
2018-05-01,pro,0,1,90,25.0,693.0,927,837.0,668.0,0.7206040992448759,0.7980884109916367,0.7475728155339806,0.8279569892473119,0
2018-05-01,pro,1,0,0,0.0,1.0,1,1.0,1.0,1.0,1.0,1.0,1.0,0
2018-05-01,pro,1,1,2,0.0,10.0,15,13.0,10.0,0.6666666666666666,0.7692307692307693,0.6666666666666666,0.7692307692307693,0
2018-06-01,business,0,0,18,5.0,167.0,222,204.0,162.0,0.7297297297297297,0.7941176470588235,0.7522522522522522,0.8186274509803921,0
2018-06-01,business,0,1,22,7.0,120.0,163,141.0,113.0,0.6932515337423313,0.8014184397163121,0.7361963190184049,0.851063829787234,0
2018-06-01,business,1,1,0,0.0,0.0,1,1.0,0.0,0.0,0.0,0.0,0.0,0
2018-06-01,other,0,0,6,4.0,56.0,78,72.0,52.0,0.6666666666666666,0.7222222222222222,0.717948717948718,0.7777777777777778,0
2018-06-01,other,0,1,5,3.0,36.0,56,51.0,33.0,0.5892857142857143,0.6470588235294118,0.6428571428571429,0.7058823529411765,0
2018-06-01,plus yearly,0,0,113,137.0,5300.0,6874,6761.0,5163.0,0.7510910677916788,0.7636444312971454,0.7710212394530114,0.7839077059606567,0
2018-06-01,plus yearly,0,1,239,57.0,1856.0,2642,2403.0,1799.0,0.6809235427706283,0.7486475239284228,0.7024981074943225,0.772367873491469,0
2018-06-01,plus yearly,1,0,0,0.0,2.0,3,3.0,2.0,0.6666666666666666,0.6666666666666666,0.6666666666666666,0.6666666666666666,0
2018-06-01,plus yearly,1,1,1,2.0,18.0,25,24.0,16.0,0.64,0.6666666666666666,0.72,0.75,0
2018-06-01,premium yearly,0,0,25,6.0,66.0,103,78.0,60.0,0.5825242718446602,0.7692307692307693,0.6407766990291263,0.8461538461538461,0
2018-06-01,premium yearly,0,1,10,2.0,41.0,63,53.0,39.0,0.6190476190476191,0.7358490566037735,0.6507936507936508,0.7735849056603774,0
2018-06-01,pro,0,0,62,36.0,1374.0,1742,1680.0,1338.0,0.7680826636050516,0.7964285714285714,0.7887485648679678,0.8178571428571428,0
2018-06-01,pro,0,1,70,14.0,587.0,801,731.0,573.0,0.7153558052434457,0.7838577291381669,0.7328339575530587,0.8030095759233926,0
2018-06-01,pro,1,0,0,0.0,1.0,1,1.0,1.0,1.0,1.0,1.0,1.0,0
2018-06-01,pro,1,1,1,0.0,12.0,15,14.0,12.0,0.8,0.8571428571428571,0.8,0.8571428571428571,0
2018-07-01,business,0,0,23,3.0,193.0,239,216.0,190.0,0.7949790794979079,0.8796296296296297,0.8075313807531381,0.8935185185185185,0
2018-07-01,business,0,1,14,2.0,99.0,137,123.0,97.0,0.708029197080292,0.7886178861788617,0.7226277372262774,0.8048780487804879,0
2018-07-01,business,1,1,5,1.0,1.0,8,3.0,0.0,0.0,0.0,0.125,0.3333333333333333,0
2018-07-01,other,0,0,6,8.0,74.0,98,92.0,66.0,0.673469387755102,0.717391304347826,0.7551020408163265,0.8043478260869565,0
2018-07-01,other,0,1,20,0.0,68.0,139,119.0,68.0,0.4892086330935252,0.5714285714285714,0.4892086330935252,0.5714285714285714,0
2018-07-01,plus yearly,0,0,117,108.0,4981.0,6532,6415.0,4873.0,0.7460195958358848,0.7596258768511301,0.7625535823637477,0.7764614185502728,0
2018-07-01,plus yearly,0,1,183,43.0,1727.0,2449,2266.0,1684.0,0.6876276031033075,0.7431597528684908,0.7051857901184156,0.7621359223300971,0
2018-07-01,plus yearly,1,0,0,0.0,1.0,1,1.0,1.0,1.0,1.0,1.0,1.0,0
2018-07-01,plus yearly,1,1,6,0.0,14.0,25,19.0,14.0,0.56,0.7368421052631579,0.56,0.7368421052631579,0
2018-07-01,premium yearly,0,0,18,5.0,81.0,113,95.0,76.0,0.672566371681416,0.8,0.7168141592920354,0.8526315789473684,0
2018-07-01,premium yearly,0,1,16,2.0,47.0,78,62.0,45.0,0.5769230769230769,0.7258064516129032,0.6025641025641025,0.7580645161290323,0
2018-07-01,pro,0,0,59,35.0,1292.0,1666,1607.0,1257.0,0.7545018007202882,0.7822028624766646,0.7755102040816326,0.8039825762289982,0
2018-07-01,pro,0,1,92,14.0,578.0,816,724.0,564.0,0.6911764705882353,0.7790055248618785,0.7083333333333334,0.7983425414364641,0
2018-07-01,pro,1,0,0,0.0,1.0,1,1.0,1.0,1.0,1.0,1.0,1.0,0
2018-07-01,pro,1,1,4,0.0,7.0,12,8.0,7.0,0.5833333333333334,0.875,0.5833333333333334,0.875,0
2018-08-01,business,0,0,20,4.0,213.0,268,248.0,209.0,0.7798507462686567,0.842741935483871,0.7947761194029851,0.8588709677419355,0
2018-08-01,business,0,1,14,4.0,108.0,136,122.0,104.0,0.7647058823529411,0.8524590163934426,0.7941176470588235,0.8852459016393442,0
2018-08-01,business,1,1,3,0.0,1.0,4,1.0,1.0,0.25,1.0,0.25,1.0,0
2018-08-01,other,0,0,7,1.0,56.0,83,76.0,55.0,0.6626506024096386,0.7236842105263158,0.6746987951807228,0.7368421052631579,0
2018-08-01,other,0,1,12,0.0,63.0,122,110.0,63.0,0.5163934426229508,0.5727272727272728,0.5163934426229508,0.5727272727272728,0
2018-08-01,plus yearly,0,0,145,111.0,5209.0,6752,6607.0,5098.0,0.7550355450236966,0.7716058725594067,0.7714751184834123,0.7884062358105041,0
2018-08-01,plus yearly,0,1,231,63.0,1942.0,2793,2562.0,1879.0,0.6727533118510562,0.7334113973458236,0.6953097028284998,0.7580015612802498,0
2018-08-01,plus yearly,1,0,0,0.0,1.0,1,1.0,1.0,1.0,1.0,1.0,1.0,0
2018-08-01,plus yearly,1,1,3,1.0,15.0,23,20.0,14.0,0.6086956521739131,0.7,0.6521739130434783,0.75,0
2018-08-01,premium yearly,0,0,19,3.0,68.0,110,91.0,65.0,0.5909090909090909,0.7142857142857143,0.6181818181818182,0.7472527472527473,0
2018-08-01,premium yearly,0,1,15,2.0,44.0,79,64.0,42.0,0.5316455696202531,0.65625,0.5569620253164557,0.6875,0
2018-08-01,pro,0,0,77,43.0,1357.0,1745,1668.0,1314.0,0.7530085959885386,0.7877697841726619,0.7776504297994269,0.8135491606714629,0
2018-08-01,pro,0,1,105,22.0,591.0,826,721.0,569.0,0.6888619854721549,0.7891816920943134,0.715496368038741,0.8196948682385575,0
2018-08-01,pro,1,0,0,0.0,4.0,4,4.0,4.0,1.0,1.0,1.0,1.0,0
2018-08-01,pro,1,1,5,0.0,7.0,16,11.0,7.0,0.4375,0.6363636363636364,0.4375,0.6363636363636364,0
2018-09-01,business,0,0,37,7.0,217.0,297,260.0,210.0,0.7070707070707071,0.8076923076923077,0.7306397306397306,0.8346153846153846,0
2018-09-01,business,0,1,16,3.0,118.0,157,141.0,115.0,0.732484076433121,0.8156028368794326,0.7515923566878981,0.8368794326241135,0
2018-09-01,business,1,1,0,2.0,4.0,5,5.0,2.0,0.4,0.4,0.8,0.8,0
2018-09-01,other,0,0,5,2.0,63.0,87,82.0,61.0,0.7011494252873564,0.7439024390243902,0.7241379310344828,0.7682926829268293,0
2018-09-01,other,0,1,11,3.0,99.0,151,140.0,96.0,0.6357615894039735,0.6857142857142857,0.6556291390728477,0.7071428571428572,0
2018-09-01,plus yearly,0,0,180,152.0,5527.0,7131,6951.0,5375.0,0.7537512270368812,0.7732700330887642,0.7750666105735521,0.7951373903035535,0
2018-09-01,plus yearly,0,1,293,50.0,1992.0,2870,2577.0,1942.0,0.6766550522648084,0.7535894450911913,0.6940766550522648,0.7729918509895227,0
2018-09-01,plus yearly,1,0,0,0.0,1.0,1,1.0,1.0,1.0,1.0,1.0,1.0,0
2018-09-01,plus yearly,1,1,5,1.0,21.0,35,30.0,20.0,0.5714285714285714,0.6666666666666666,0.6,0.7,0
2018-09-01,premium yearly,0,0,28,7.0,85.0,129,101.0,78.0,0.6046511627906976,0.7722772277227723,0.6589147286821705,0.8415841584158416,0
2018-09-01,premium yearly,0,1,20,4.0,62.0,84,64.0,58.0,0.6904761904761905,0.90625,0.7380952380952381,0.96875,0
2018-09-01,pro,0,0,70,42.0,1295.0,1643,1573.0,1253.0,0.7626293365794279,0.7965670692943421,0.7881923311016433,0.8232676414494596,0
2018-09-01,pro,0,1,109,19.0,574.0,826,717.0,555.0,0.6719128329297821,0.7740585774058577,0.6949152542372882,0.800557880055788,0
2018-09-01,pro,1,1,2,0.0,9.0,17,15.0,9.0,0.5294117647058824,0.6,0.5294117647058824,0.6,0
2018-10-01,business,0,0,44,6.0,250.0,342,298.0,244.0,0.7134502923976608,0.8187919463087249,0.7309941520467836,0.8389261744966443,0
2018-10-01,business,0,1,18,3.0,133.0,181,163.0,130.0,0.7182320441988951,0.7975460122699386,0.7348066298342542,0.8159509202453987,0
2018-10-01,business,1,1,5,0.0,3.0,8,3.0,3.0,0.375,1.0,0.375,1.0,0
2018-10-01,other,0,0,5,1.0,62.0,88,83.0,61.0,0.6931818181818182,0.7349397590361446,0.7045454545454546,0.7469879518072289,0
2018-10-01,other,0,1,10,7.0,76.0,120,110.0,69.0,0.575,0.6272727272727273,0.6333333333333333,0.6909090909090909,0
2018-10-01,other,1,0,0,1.0,1.0,1,1.0,0.0,0.0,0.0,1.0,1.0,0
2018-10-01,other,1,1,2,0.0,5.0,13,11.0,5.0,0.38461538461538464,0.45454545454545453,0.38461538461538464,0.45454545454545453,0
2018-10-01,plus yearly,0,0,258,157.0,6268.0,8117,7859.0,6111.0,0.752864358753234,0.7775798447639649,0.7722064802266847,0.7975569410866522,0
2018-10-01,plus yearly,0,1,319,74.0,2372.0,3340,3021.0,2298.0,0.6880239520958084,0.7606752730883813,0.7101796407185629,0.7851704733531943,0
2018-10-01,plus yearly,1,1,2,0.0,14.0,27,25.0,14.0,0.5185185185185185,0.56,0.5185185185185185,0.56,0
2018-10-01,premium yearly,0,0,31,5.0,106.0,175,144.0,101.0,0.5771428571428572,0.7013888888888888,0.6057142857142858,0.7361111111111112,0
2018-10-01,premium yearly,0,1,22,2.0,61.0,100,78.0,59.0,0.59,0.7564102564102564,0.61,0.782051282051282,0
2018-10-01,pro,0,0,101,41.0,1529.0,1932,1831.0,1488.0,0.7701863354037267,0.8126706717640634,0.7914078674948241,0.8350628072091754,0
2018-10-01,pro,0,1,122,26.0,634.0,904,782.0,608.0,0.672566371681416,0.7774936061381074,0.7013274336283186,0.8107416879795396,0
2018-10-01,pro,1,0,0,0.0,0.0,1,1.0,0.0,0.0,0.0,0.0,0.0,0
2018-10-01,pro,1,1,2,0.0,10.0,17,15.0,10.0,0.5882352941176471,0.6666666666666666,0.5882352941176471,0.6666666666666666,0
2018-11-01,business,0,0,42,10.0,225.0,295,253.0,215.0,0.7288135593220338,0.849802371541502,0.7627118644067796,0.8893280632411067,0
2018-11-01,business,0,1,16,3.0,118.0,166,150.0,115.0,0.6927710843373494,0.7666666666666667,0.7108433734939759,0.7866666666666666,0
2018-11-01,business,1,0,0,0.0,1.0,2,2.0,1.0,0.5,0.5,0.5,0.5,0
2018-11-01,business,1,1,2,0.0,4.0,7,5.0,4.0,0.5714285714285714,0.8,0.5714285714285714,0.8,0
2018-11-01,other,0,0,2,2.0,33.0,48,46.0,31.0,0.6458333333333334,0.6739130434782609,0.6875,0.717391304347826,0
2018-11-01,other,0,1,4,1.0,43.0,58,54.0,42.0,0.7241379310344828,0.7777777777777778,0.7413793103448276,0.7962962962962963,0
2018-11-01,other,1,0,0,0.0,0.0,1,1.0,0.0,0.0,0.0,0.0,0.0,0
2018-11-01,other,1,1,18,7.0,70.0,149,131.0,63.0,0.4228187919463087,0.48091603053435117,0.4697986577181208,0.5343511450381679,0
2018-11-01,plus yearly,0,0,201,145.0,6037.0,7800,7599.0,5892.0,0.7553846153846154,0.7753651796288985,0.773974358974359,0.7944466377154888,0
2018-11-01,plus yearly,0,1,263,76.0,2593.0,3553,3290.0,2517.0,0.7084154235857022,0.7650455927051671,0.729805797917253,0.788145896656535,0
2018-11-01,plus yearly,1,1,6,0.0,22.0,41,35.0,22.0,0.5365853658536586,0.6285714285714286,0.5365853658536586,0.6285714285714286,0
2018-11-01,premium yearly,0,0,25,9.0,122.0,174,149.0,113.0,0.6494252873563219,0.7583892617449665,0.7011494252873564,0.8187919463087249,0
2018-11-01,premium yearly,0,1,22,12.0,144.0,205,183.0,132.0,0.6439024390243903,0.7213114754098361,0.7024390243902439,0.7868852459016393,0
2018-11-01,pro,0,0,82,31.0,1442.0,1825,1743.0,1411.0,0.7731506849315068,0.8095238095238095,0.7901369863013699,0.8273092369477911,0
2018-11-01,pro,0,1,94,30.0,741.0,1019,925.0,711.0,0.6977428851815506,0.7686486486486487,0.7271835132482827,0.8010810810810811,0
2018-11-01,pro,1,1,8,0.0,9.0,21,13.0,9.0,0.42857142857142855,0.6923076923076923,0.42857142857142855,0.6923076923076923,0
2018-12-01,business,0,0,22,4.0,185.0,239,217.0,181.0,0.7573221757322176,0.8341013824884793,0.7740585774058577,0.8525345622119815,0
2018-12-01,business,0,1,18,1.0,79.0,117,99.0,78.0,0.6666666666666666,0.7878787878787878,0.6752136752136753,0.797979797979798,0
2018-12-01,business,1,1,2,0.0,4.0,8,6.0,4.0,0.5,0.6666666666666666,0.5,0.6666666666666666,0
2018-12-01,other,0,0,5,3.0,26.0,35,30.0,23.0,0.6571428571428571,0.7666666666666667,0.7428571428571429,0.8666666666666667,0
2018-12-01,other,0,1,1,1.0,44.0,54,53.0,43.0,0.7962962962962963,0.8113207547169812,0.8148148148148148,0.8301886792452831,0
2018-12-01,other,1,0,0,0.0,4.0,5,5.0,4.0,0.8,0.8,0.8,0.8,0
2018-12-01,other,1,1,13,0.0,49.0,124,111.0,49.0,0.3951612903225806,0.44144144144144143,0.3951612903225806,0.44144144144144143,0
2018-12-01,plus yearly,0,0,176,127.0,4882.0,6401,6225.0,4755.0,0.7428526792688642,0.763855421686747,0.7626933291673176,0.7842570281124498,0
2018-12-01,plus yearly,0,1,261,59.0,1889.0,2735,2474.0,1830.0,0.6691042047531993,0.7396928051738076,0.6906764168190128,0.7635408245755861,0
2018-12-01,plus yearly,1,1,5,0.0,15.0,28,23.0,15.0,0.5357142857142857,0.6521739130434783,0.5357142857142857,0.6521739130434783,0
2018-12-01,premium yearly,0,0,12,8.0,109.0,147,135.0,101.0,0.6870748299319728,0.7481481481481481,0.7414965986394558,0.8074074074074075,0
2018-12-01,premium yearly,0,1,18,8.0,95.0,177,159.0,87.0,0.4915254237288136,0.5471698113207547,0.536723163841808,0.5974842767295597,0
2018-12-01,pro,0,0,84,36.0,1097.0,1446,1362.0,1061.0,0.7337482710926694,0.7790014684287812,0.7586445366528354,0.8054331864904553,0
2018-12-01,pro,0,1,64,20.0,502.0,683,619.0,482.0,0.705710102489019,0.778675282714055,0.7349926793557833,0.8109854604200323,0
2018-12-01,pro,1,1,7,2.0,21.0,32,25.0,19.0,0.59375,0.76,0.65625,0.84,0
2019-01-01,business,0,0,37,7.0,242.0,311,274.0,235.0,0.7556270096463023,0.8576642335766423,0.7781350482315113,0.8832116788321168,0
2019-01-01,business,0,1,16,4.0,145.0,192,176.0,141.0,0.734375,0.8011363636363636,0.7552083333333334,0.8238636363636364,0
2019-01-01,business,1,0,0,0.0,2.0,2,2.0,2.0,1.0,1.0,1.0,1.0,0
2019-01-01,business,1,1,0,0.0,2.0,3,3.0,2.0,0.6666666666666666,0.6666666666666666,0.6666666666666666,0.6666666666666666,0
2019-01-01,other,0,0,3,4.0,45.0,58,55.0,41.0,0.7068965517241379,0.7454545454545455,0.7758620689655172,0.8181818181818182,0
2019-01-01,other,0,1,5,4.0,36.0,62,57.0,32.0,0.5161290322580645,0.5614035087719298,0.5806451612903226,0.631578947368421,0
2019-01-01,other,1,0,1,0.0,5.0,6,5.0,5.0,0.8333333333333334,1.0,0.8333333333333334,1.0,0
2019-01-01,other,1,1,20,4.0,52.0,127,107.0,48.0,0.3779527559055118,0.4485981308411215,0.4094488188976378,0.48598130841121495,0
2019-01-01,plus yearly,0,0,226,171.0,6463.0,8323,8097.0,6292.0,0.7559774119908687,0.777077930097567,0.7765228883815932,0.7981968630356923,0
2019-01-01,plus yearly,0,1,357,89.0,2593.0,3721,3364.0,2504.0,0.6729373824240795,0.7443519619500595,0.6968556839559258,0.7708085612366231,0
2019-01-01,plus yearly,1,0,0,0.0,1.0,2,2.0,1.0,0.5,0.5,0.5,0.5,0
2019-01-01,plus yearly,1,1,7,1.0,13.0,34,27.0,12.0,0.35294117647058826,0.4444444444444444,0.38235294117647056,0.48148148148148145,0
2019-01-01,premium yearly,0,0,30,0.0,138.0,197,167.0,138.0,0.700507614213198,0.8263473053892215,0.700507614213198,0.8263473053892215,0
2019-01-01,premium yearly,0,1,34,6.0,110.0,181,147.0,104.0,0.574585635359116,0.7074829931972789,0.6077348066298343,0.7482993197278912,0
2019-01-01,pro,0,0,71,35.0,1451.0,1818,1747.0,1416.0,0.7788778877887789,0.8105323411562679,0.7981298129812981,0.8305666857469949,0
2019-01-01,pro,0,1,98,26.0,671.0,908,810.0,645.0,0.710352422907489,0.7962962962962963,0.7389867841409692,0.828395061728395,0
2019-01-01,pro,1,1,26,2.0,33.0,73,47.0,31.0,0.4246575342465753,0.6595744680851063,0.4520547945205479,0.7021276595744681,0
2019-02-01,business,0,0,26,1.0,192.0,251,225.0,191.0,0.7609561752988048,0.8488888888888889,0.7649402390438247,0.8533333333333334,0
2019-02-01,business,0,1,17,3.0,98.0,131,114.0,95.0,0.7251908396946565,0.8333333333333334,0.7480916030534351,0.8596491228070176,0
2019-02-01,business,1,1,3,0.0,8.0,11,8.0,8.0,0.7272727272727273,1.0,0.7272727272727273,1.0,0
2019-02-01,other,0,0,1,0.0,40.0,51,50.0,40.0,0.7843137254901961,0.8,0.7843137254901961,0.8,0
2019-02-01,other,0,1,8,8.0,74.0,98,90.0,66.0,0.673469387755102,0.7333333333333333,0.7551020408163265,0.8222222222222222,0
2019-02-01,other,1,0,0,1.0,3.0,4,4.0,2.0,0.5,0.5,0.75,0.75,0
2019-02-01,other,1,1,17,1.0,60.0,133,116.0,59.0,0.44360902255639095,0.5086206896551724,0.45112781954887216,0.5172413793103449,0
2019-02-01,plus yearly,0,0,221,153.0,5999.0,7691,7470.0,5846.0,0.7601092185671564,0.7825970548862116,0.7800026004420751,0.8030789825970549,0
2019-02-01,plus yearly,0,1,364,103.0,2563.0,3655,3291.0,2460.0,0.6730506155950753,0.7474931631722881,0.7012311901504787,0.7787906411425098,0
2019-02-01,plus yearly,1,0,0,0.0,4.0,10,10.0,4.0,0.4,0.4,0.4,0.4,0
2019-02-01,plus yearly,1,1,2,2.0,45.0,111,109.0,43.0,0.38738738738738737,0.3944954128440367,0.40540540540540543,0.41284403669724773,0
2019-02-01,premium yearly,0,0,39,4.0,120.0,193,154.0,116.0,0.6010362694300518,0.7532467532467533,0.6217616580310881,0.7792207792207793,0
2019-02-01,premium yearly,0,1,33,6.0,98.0,157,124.0,92.0,0.5859872611464968,0.7419354838709677,0.6242038216560509,0.7903225806451613,0
2019-02-01,pro,0,0,89,42.0,1432.0,1802,1713.0,1390.0,0.7713651498335183,0.8114419147694104,0.7946725860155383,0.835960303561004,0
2019-02-01,pro,0,1,96,15.0,668.0,902,806.0,653.0,0.7239467849223947,0.8101736972704715,0.7405764966740577,0.8287841191066998,0
2019-02-01,pro,1,0,0,0.0,1.0,1,1.0,1.0,1.0,1.0,1.0,1.0,0
2019-02-01,pro,1,1,31,1.0,44.0,98,67.0,43.0,0.4387755102040816,0.6417910447761194,0.4489795918367347,0.6567164179104478,0
2019-03-01,business,0,0,33,8.0,231.0,303,270.0,223.0,0.735973597359736,0.825925925925926,0.7623762376237624,0.8555555555555555,0
2019-03-01,business,0,1,17,4.0,108.0,149,132.0,104.0,0.697986577181208,0.7878787878787878,0.7248322147651006,0.8181818181818182,0
2019-03-01,business,1,1,7,0.0,3.0,12,5.0,3.0,0.25,0.6,0.25,0.6,0
2019-03-01,other,0,0,4,0.0,43.0,64,60.0,43.0,0.671875,0.7166666666666667,0.671875,0.7166666666666667,0
2019-03-01,other,0,1,5,4.0,79.0,106,101.0,75.0,0.7075471698113207,0.7425742574257426,0.7452830188679245,0.7821782178217822,0
2019-03-01,other,1,0,0,0.0,5.0,10,10.0,5.0,0.5,0.5,0.5,0.5,0
2019-03-01,other,1,1,19,0.0,50.0,118,99.0,50.0,0.423728813559322,0.5050505050505051,0.423728813559322,0.5050505050505051,0
2019-03-01,plus yearly,0,0,229,182.0,6363.0,8155,7926.0,6181.0,0.7579399141630901,0.7798385061821852,0.7802575107296137,0.8028009084027252,0
2019-03-01,plus yearly,0,1,413,94.0,2684.0,3831,3418.0,2590.0,0.6760636909423127,0.7577530719719134,0.700600365439833,0.7852545348156816,0
2019-03-01,plus yearly,1,0,2,0.0,20.0,43,41.0,20.0,0.46511627906976744,0.4878048780487805,0.46511627906976744,0.4878048780487805,0
2019-03-01,plus yearly,1,1,72,12.0,297.0,703,631.0,285.0,0.40540540540540543,0.45166402535657685,0.422475106685633,0.4706814580031696,0
2019-03-01,premium yearly,0,0,37,3.0,142.0,218,181.0,139.0,0.6376146788990825,0.7679558011049724,0.6513761467889908,0.7845303867403315,0
2019-03-01,premium yearly,0,1,41,4.0,97.0,175,134.0,93.0,0.5314285714285715,0.6940298507462687,0.5542857142857143,0.7238805970149254,0
2019-03-01,pro,0,0,110,53.0,1597.0,2045,1935.0,1544.0,0.7550122249388753,0.7979328165374677,0.7809290953545233,0.8253229974160207,0
2019-03-01,pro,0,1,90,19.0,673.0,917,827.0,654.0,0.7131952017448201,0.7908101571946796,0.7339149400218102,0.8137847642079806,0
2019-03-01,pro,1,0,0,1.0,1.0,2,2.0,0.0,0.0,0.0,0.5,0.5,0
2019-03-01,pro,1,1,30,1.0,46.0,99,69.0,45.0,0.45454545454545453,0.6521739130434783,0.46464646464646464,0.6666666666666666,0
2019-04-01,business,0,0,28,7.0,241.0,309,281.0,234.0,0.7572815533980582,0.8327402135231317,0.7799352750809061,0.8576512455516014,0
2019-04-01,business,0,1,27,3.0,127.0,182,155.0,124.0,0.6813186813186813,0.8,0.6978021978021978,0.8193548387096774,0
2019-04-01,business,1,0,0,0.0,1.0,1,1.0,1.0,1.0,1.0,1.0,1.0,0
2019-04-01,business,1,1,4,0.0,2.0,8,4.0,2.0,0.25,0.5,0.25,0.5,0
2019-04-01,other,0,0,3,4.0,39.0,57,54.0,35.0,0.6140350877192983,0.6481481481481481,0.6842105263157895,0.7222222222222222,0
2019-04-01,other,0,1,4,5.0,57.0,74,70.0,52.0,0.7027027027027027,0.7428571428571429,0.7702702702702703,0.8142857142857143,0
2019-04-01,other,1,0,0,0.0,1.0,4,4.0,1.0,0.25,0.25,0.25,0.25,0
2019-04-01,other,1,1,12,0.0,22.0,85,73.0,22.0,0.25882352941176473,0.3013698630136986,0.25882352941176473,0.3013698630136986,0
2019-04-01,plus yearly,0,0,214,215.0,5625.0,7208,6994.0,5410.0,0.7505549389567148,0.7735201601372605,0.7803829078801332,0.8042607949671147,0
2019-04-01,plus yearly,0,1,325,93.0,2515.0,3504,3179.0,2422.0,0.6912100456621004,0.7618748033972947,0.7177511415525114,0.7911292859389745,0
2019-04-01,plus yearly,1,0,5,0.0,21.0,40,35.0,21.0,0.525,0.6,0.525,0.6,0
2019-04-01,plus yearly,1,1,77,8.0,308.0,724,647.0,300.0,0.4143646408839779,0.46367851622874806,0.425414364640884,0.4760432766615147,0
2019-04-01,premium yearly,0,0,37,7.0,135.0,203,166.0,128.0,0.6305418719211823,0.7710843373493976,0.6650246305418719,0.8132530120481928,0
2019-04-01,premium yearly,0,1,52,7.0,106.0,176,124.0,99.0,0.5625,0.7983870967741935,0.6022727272727273,0.8548387096774194,0
2019-04-01,pro,0,0,109,65.0,1410.0,1850,1741.0,1345.0,0.727027027027027,0.7725445146467548,0.7621621621621621,0.8098793796668581,0
2019-04-01,pro,0,1,65,23.0,656.0,879,814.0,633.0,0.7201365187713311,0.7776412776412777,0.7463026166097838,0.8058968058968059,0
2019-04-01,pro,1,0,2,0.0,0.0,2,0.0,0.0,0.0,,0.0,,0
2019-04-01,pro,1,1,27,4.0,72.0,131,104.0,68.0,0.5190839694656488,0.6538461538461539,0.549618320610687,0.6923076923076923,0
2019-05-01,business,0,0,36,7.0,246.0,332,296.0,239.0,0.7198795180722891,0.8074324324324325,0.7409638554216867,0.831081081081081,0
2019-05-01,business,0,1,28,7.0,127.0,176,148.0,120.0,0.6818181818181818,0.8108108108108109,0.7215909090909091,0.8581081081081081,0
2019-05-01,business,1,0,0,0.0,1.0,1,1.0,1.0,1.0,1.0,1.0,1.0,0
2019-05-01,business,1,1,6,0.0,13.0,25,19.0,13.0,0.52,0.6842105263157895,0.52,0.6842105263157895,0
2019-05-01,other,0,0,3,1.0,45.0,63,60.0,44.0,0.6984126984126984,0.7333333333333333,0.7142857142857143,0.75,0
2019-05-01,other,0,1,7,2.0,66.0,86,79.0,64.0,0.7441860465116279,0.810126582278481,0.7674418604651163,0.8354430379746836,0
2019-05-01,other,1,0,0,0.0,0.0,5,5.0,0.0,0.0,0.0,0.0,0.0,0
2019-05-01,other,1,1,14,0.0,9.0,82,68.0,9.0,0.10975609756097561,0.1323529411764706,0.10975609756097561,0.1323529411764706,0
2019-05-01,plus yearly,0,0,211,183.0,5938.0,7677,7466.0,5755.0,0.7496417871564414,0.7708277524778998,0.7734792236550736,0.7953388695419233,0
2019-05-01,plus yearly,0,1,351,99.0,2426.0,3503,3152.0,2327.0,0.6642877533542678,0.738261421319797,0.6925492435055667,0.7696700507614214,0
2019-05-01,plus yearly,1,0,1,0.0,29.0,45,44.0,29.0,0.6444444444444445,0.6590909090909091,0.6444444444444445,0.6590909090909091,0
2019-05-01,plus yearly,1,1,80,15.0,359.0,780,700.0,344.0,0.441025641025641,0.49142857142857144,0.46025641025641023,0.5128571428571429,0
2019-05-01,premium yearly,0,0,46,9.0,143.0,232,186.0,134.0,0.5775862068965517,0.7204301075268817,0.6163793103448276,0.7688172043010753,0
2019-05-01,premium yearly,0,1,54,4.0,107.0,196,142.0,103.0,0.5255102040816326,0.7253521126760564,0.5459183673469388,0.7535211267605634,0
2019-05-01,pro,0,0,81,50.0,1478.0,1899,1818.0,1428.0,0.7519747235387045,0.7854785478547854,0.7783043707214323,0.812981298129813,0
2019-05-01,pro,0,1,91,32.0,680.0,932,841.0,648.0,0.6952789699570815,0.7705112960760999,0.7296137339055794,0.8085612366230678,0
2019-05-01,pro,1,0,0,0.0,7.0,7,7.0,7.0,1.0,1.0,1.0,1.0,0
2019-05-01,pro,1,1,41,7.0,82.0,161,120.0,75.0,0.4658385093167702,0.625,0.5093167701863354,0.6833333333333333,0
2019-06-01,business,0,0,32,10.0,232.0,304,272.0,222.0,0.7302631578947368,0.8161764705882353,0.7631578947368421,0.8529411764705882,0
2019-06-01,business,0,1,17,4.0,109.0,150,133.0,105.0,0.7,0.7894736842105263,0.7266666666666667,0.8195488721804511,0
2019-06-01,business,1,1,3,0.0,7.0,13,10.0,7.0,0.5384615384615384,0.7,0.5384615384615384,0.7,0
2019-06-01,other,0,0,3,3.0,31.0,39,36.0,28.0,0.717948717948718,0.7777777777777778,0.7948717948717948,0.8611111111111112,0
2019-06-01,other,0,1,12,4.0,43.0,70,58.0,39.0,0.5571428571428572,0.6724137931034483,0.6142857142857143,0.7413793103448276,0
2019-06-01,other,1,0,1,0.0,2.0,3,2.0,2.0,0.6666666666666666,1.0,0.6666666666666666,1.0,0
2019-06-01,other,1,1,12,0.0,3.0,63,51.0,3.0,0.047619047619047616,0.058823529411764705,0.047619047619047616,0.058823529411764705,0
2019-06-01,plus yearly,0,0,193,173.0,5286.0,6820,6627.0,5113.0,0.7497067448680352,0.7715406669684624,0.7750733137829912,0.7976459936622906,0
2019-06-01,plus yearly,0,1,300,62.0,2236.0,3138,2838.0,2174.0,0.6927979604843849,0.7660324171952079,0.7125557680050988,0.7878787878787878,0
2019-06-01,plus yearly,1,0,4,0.0,8.0,22,18.0,8.0,0.36363636363636365,0.4444444444444444,0.36363636363636365,0.4444444444444444,0
2019-06-01,plus yearly,1,1,59,8.0,295.0,698,639.0,287.0,0.41117478510028654,0.4491392801251956,0.42263610315186245,0.4616588419405321,0
2019-06-01,premium yearly,0,0,43,5.0,116.0,186,143.0,111.0,0.5967741935483871,0.7762237762237763,0.6236559139784946,0.8111888111888111,0
2019-06-01,premium yearly,0,1,34,6.0,84.0,149,115.0,78.0,0.5234899328859061,0.6782608695652174,0.5637583892617449,0.7304347826086957,0
2019-06-01,pro,0,0,59,38.0,1263.0,1604,1545.0,1225.0,0.763715710723192,0.7928802588996764,0.7874064837905237,0.8174757281553398,0
2019-06-01,pro,0,1,68,23.0,583.0,795,727.0,560.0,0.7044025157232704,0.7702888583218707,0.7333333333333333,0.8019257221458047,0
2019-06-01,pro,1,0,0,0.0,3.0,3,3.0,3.0,1.0,1.0,1.0,1.0,0
2019-06-01,pro,1,1,33,8.0,62.0,127,94.0,54.0,0.4251968503937008,0.574468085106383,0.4881889763779528,0.6595744680851063,0
2019-07-01,business,0,0,23,5.0,224.0,286,263.0,219.0,0.7657342657342657,0.8326996197718631,0.7832167832167832,0.8517110266159695,0
2019-07-01,business,0,1,26,3.0,126.0,175,149.0,123.0,0.7028571428571428,0.825503355704698,0.72,0.8456375838926175,0
2019-07-01,business,1,0,0,0.0,1.0,1,1.0,1.0,1.0,1.0,1.0,1.0,0
2019-07-01,business,1,1,4,1.0,18.0,29,25.0,17.0,0.5862068965517241,0.68,0.6206896551724138,0.72,0
2019-07-01,other,0,0,7,3.0,44.0,55,48.0,41.0,0.7454545454545455,0.8541666666666666,0.8,0.9166666666666666,0
2019-07-01,other,0,1,5,2.0,44.0,64,59.0,42.0,0.65625,0.711864406779661,0.6875,0.7457627118644068,0
2019-07-01,other,1,0,0,0.0,0.0,2,2.0,0.0,0.0,0.0,0.0,0.0,0
2019-07-01,other,1,1,13,0.0,4.0,76,63.0,4.0,0.05263157894736842,0.06349206349206349,0.05263157894736842,0.06349206349206349,0
2019-07-01,plus yearly,0,0,184,130.0,5045.0,6490,6306.0,4915.0,0.7573189522342064,0.7794164287979702,0.7773497688751926,0.8000317158261973,0
2019-07-01,plus yearly,0,1,288,64.0,2128.0,3026,2738.0,2064.0,0.6820885657633841,0.7538349159970782,0.7032385988103106,0.7772096420745069,0
2019-07-01,plus yearly,1,0,2,0.0,20.0,39,37.0,20.0,0.5128205128205128,0.5405405405405406,0.5128205128205128,0.5405405405405406,0
2019-07-01,plus yearly,1,1,106,20.0,531.0,1086,980.0,511.0,0.4705340699815838,0.5214285714285715,0.4889502762430939,0.5418367346938775,0
2019-07-01,premium yearly,0,0,30,5.0,100.0,166,136.0,95.0,0.572289156626506,0.6985294117647058,0.6024096385542169,0.7352941176470589,0
2019-07-01,premium yearly,0,1,30,7.0,93.0,147,117.0,86.0,0.5850340136054422,0.7350427350427351,0.6326530612244898,0.7948717948717948,0
2019-07-01,pro,0,0,78,43.0,1315.0,1706,1628.0,1272.0,0.7456037514654161,0.7813267813267813,0.7708089097303634,0.8077395577395577,0
2019-07-01,pro,0,1,73,19.0,629.0,848,775.0,610.0,0.7193396226415094,0.7870967741935484,0.7417452830188679,0.8116129032258065,0
2019-07-01,pro,1,0,0,0.0,10.0,13,13.0,10.0,0.7692307692307693,0.7692307692307693,0.7692307692307693,0.7692307692307693,0
2019-07-01,pro,1,1,47,10.0,116.0,218,171.0,106.0,0.48623853211009177,0.6198830409356725,0.5321100917431193,0.6783625730994152,0
2019-08-01,business,0,0,27,7.0,201.0,257,230.0,194.0,0.754863813229572,0.8434782608695652,0.7821011673151751,0.8739130434782608,0
2019-08-01,business,0,1,24,4.0,95.0,144,120.0,91.0,0.6319444444444444,0.7583333333333333,0.6597222222222222,0.7916666666666666,0
2019-08-01,business,1,0,0,0.0,5.0,5,5.0,5.0,1.0,1.0,1.0,1.0,0
2019-08-01,business,1,1,10,2.0,17.0,40,30.0,15.0,0.375,0.5,0.425,0.5666666666666667,0
2019-08-01,other,0,0,2,1.0,37.0,48,46.0,36.0,0.75,0.782608695652174,0.7708333333333334,0.8043478260869565,0
2019-08-01,other,0,1,5,6.0,45.0,58,53.0,39.0,0.6724137931034483,0.7358490566037735,0.7758620689655172,0.8490566037735849,0
2019-08-01,other,1,0,0,0.0,0.0,2,2.0,0.0,0.0,0.0,0.0,0.0,0
2019-08-01,other,1,1,7,0.0,9.0,75,68.0,9.0,0.12,0.1323529411764706,0.12,0.1323529411764706,0
2019-08-01,plus yearly,0,0,161,137.0,4538.0,5839,5678.0,4401.0,0.7537249529028943,0.7750968650933427,0.7771878746360679,0.7992250792532581,0
2019-08-01,plus yearly,0,1,268,61.0,1976.0,2854,2586.0,1915.0,0.6709880868955851,0.7405259087393659,0.6923615977575333,0.7641144624903325,0
2019-08-01,plus yearly,1,0,3,0.0,28.0,41,38.0,28.0,0.6829268292682927,0.7368421052631579,0.6829268292682927,0.7368421052631579,0
2019-08-01,plus yearly,1,1,138,22.0,626.0,1243,1105.0,604.0,0.48592115848753015,0.5466063348416289,0.503620273531778,0.5665158371040724,0
2019-08-01,premium yearly,0,0,33,4.0,101.0,166,133.0,97.0,0.5843373493975904,0.7293233082706767,0.608433734939759,0.7593984962406015,0
2019-08-01,premium yearly,0,1,26,4.0,94.0,153,127.0,90.0,0.5882352941176471,0.7086614173228346,0.6143790849673203,0.7401574803149606,0
2019-08-01,pro,0,0,58,45.0,1133.0,1432,1374.0,1088.0,0.7597765363128491,0.7918486171761281,0.7912011173184358,0.8245997088791849,0
2019-08-01,pro,0,1,70,21.0,595.0,796,726.0,574.0,0.7211055276381909,0.790633608815427,0.7474874371859297,0.8195592286501377,0
2019-08-01,pro,1,0,1,2.0,10.0,17,16.0,8.0,0.47058823529411764,0.5,0.5882352941176471,0.625,0
2019-08-01,pro,1,1,41,10.0,130.0,217,176.0,120.0,0.5529953917050692,0.6818181818181818,0.5990783410138248,0.7386363636363636,0
2019-09-01,business,0,0,20,5.0,230.0,285,265.0,225.0,0.7894736842105263,0.8490566037735849,0.8070175438596491,0.8679245283018868,0
2019-09-01,business,0,1,16,1.0,126.0,157,141.0,125.0,0.7961783439490446,0.8865248226950354,0.802547770700637,0.8936170212765957,0
2019-09-01,business,1,0,0,1.0,11.0,12,12.0,10.0,0.8333333333333334,0.8333333333333334,0.9166666666666666,0.9166666666666666,0
2019-09-01,business,1,1,22,3.0,80.0,130,108.0,77.0,0.5923076923076923,0.7129629629629629,0.6153846153846154,0.7407407407407407,0
2019-09-01,other,0,0,2,1.0,31.0,43,41.0,30.0,0.6976744186046512,0.7317073170731707,0.7209302325581395,0.7560975609756098,0
2019-09-01,other,0,1,6,4.0,40.0,71,65.0,36.0,0.5070422535211268,0.5538461538461539,0.5633802816901409,0.6153846153846154,0
2019-09-01,other,1,0,0,0.0,1.0,4,4.0,1.0,0.25,0.25,0.25,0.25,0
2019-09-01,other,1,1,9,1.0,9.0,79,70.0,8.0,0.10126582278481013,0.11428571428571428,0.11392405063291139,0.12857142857142856,0
2019-09-01,plus yearly,0,0,176,177.0,4840.0,6176,6000.0,4663.0,0.7550194300518135,0.7771666666666667,0.783678756476684,0.8066666666666666,0
2019-09-01,plus yearly,0,1,253,69.0,2135.0,2955,2702.0,2066.0,0.6991539763113367,0.764618800888231,0.7225042301184433,0.7901554404145078,0
2019-09-01,plus yearly,1,0,2,0.0,69.0,102,100.0,69.0,0.6764705882352942,0.69,0.6764705882352942,0.69,0
2019-09-01,plus yearly,1,1,223,58.0,1525.0,2673,2450.0,1467.0,0.5488215488215489,0.5987755102040816,0.5705200149644594,0.6224489795918368,0
2019-09-01,premium yearly,0,0,30,5.0,123.0,178,148.0,118.0,0.6629213483146067,0.7972972972972973,0.6910112359550562,0.831081081081081,0
2019-09-01,premium yearly,0,1,30,3.0,92.0,166,136.0,89.0,0.536144578313253,0.6544117647058824,0.5542168674698795,0.6764705882352942,0
2019-09-01,pro,0,0,62,43.0,1249.0,1553,1491.0,1206.0,0.7765614938828075,0.8088531187122736,0.8042498390212492,0.8376928236083165,0
2019-09-01,pro,0,1,88,20.0,721.0,970,882.0,701.0,0.722680412371134,0.7947845804988662,0.743298969072165,0.8174603174603174,0
2019-09-01,pro,1,0,1,1.0,35.0,44,43.0,34.0,0.7727272727272727,0.7906976744186046,0.7954545454545454,0.813953488372093,0
2019-09-01,pro,1,1,67,29.0,433.0,661,594.0,404.0,0.6111951588502269,0.6801346801346801,0.6550680786686838,0.7289562289562289,0
2019-10-01,business,0,0,34,7.0,194.0,261,227.0,187.0,0.7164750957854407,0.8237885462555066,0.7432950191570882,0.8546255506607929,0
2019-10-01,business,0,1,26,3.0,103.0,149,123.0,100.0,0.6711409395973155,0.8130081300813008,0.6912751677852349,0.8373983739837398,0
2019-10-01,business,1,0,1,2.0,17.0,20,19.0,15.0,0.75,0.7894736842105263,0.85,0.8947368421052632,0
2019-10-01,business,1,1,31,3.0,104.0,168,137.0,101.0,0.6011904761904762,0.7372262773722628,0.6190476190476191,0.7591240875912408,0
2019-10-01,other,0,0,4,2.0,42.0,54,50.0,40.0,0.7407407407407407,0.8,0.7777777777777778,0.84,0
2019-10-01,other,0,1,2,2.0,32.0,46,44.0,30.0,0.6521739130434783,0.6818181818181818,0.6956521739130435,0.7272727272727273,0
2019-10-01,other,1,0,0,0.0,1.0,1,1.0,1.0,1.0,1.0,1.0,1.0,0
2019-10-01,other,1,1,6,0.0,8.0,69,63.0,8.0,0.11594202898550725,0.12698412698412698,0.11594202898550725,0.12698412698412698,0
2019-10-01,plus yearly,0,0,171,136.0,4797.0,6111,5940.0,4661.0,0.7627229585992472,0.7846801346801346,0.7849779086892489,0.8075757575757576,0
2019-10-01,plus yearly,0,1,263,65.0,2217.0,3030,2767.0,2152.0,0.7102310231023102,0.7777376219732562,0.7316831683168317,0.8012287676183593,0
2019-10-01,plus yearly,1,0,0,3.0,69.0,102,102.0,66.0,0.6470588235294118,0.6470588235294118,0.6764705882352942,0.6764705882352942,0
2019-10-01,plus yearly,1,1,248,73.0,1592.0,2909,2661.0,1519.0,0.5221725678927467,0.5708380308154829,0.5472671020969405,0.598271326568959,0
2019-10-01,premium yearly,0,0,26,7.0,114.0,162,136.0,107.0,0.6604938271604939,0.7867647058823529,0.7037037037037037,0.8382352941176471,0
2019-10-01,premium yearly,0,1,28,6.0,93.0,154,126.0,87.0,0.564935064935065,0.6904761904761905,0.6038961038961039,0.7380952380952381,0
2019-10-01,pro,0,0,51,46.0,1224.0,1562,1511.0,1178.0,0.7541613316261203,0.7796161482461945,0.7836107554417413,0.8100595632031767,0
2019-10-01,pro,0,1,88,24.0,646.0,901,813.0,622.0,0.6903440621531631,0.7650676506765067,0.7169811320754716,0.7945879458794588,0
2019-10-01,pro,1,0,0,3.0,36.0,43,43.0,33.0,0.7674418604651163,0.7674418604651163,0.8372093023255814,0.8372093023255814,0
2019-10-01,pro,1,1,79,16.0,466.0,698,619.0,450.0,0.6446991404011462,0.7269789983844911,0.667621776504298,0.752827140549273,0
2019-11-01,business,0,0,11,10.0,162.0,205,194.0,152.0,0.7414634146341463,0.7835051546391752,0.7902439024390244,0.8350515463917526,0
2019-11-01,business,0,1,22,2.0,115.0,152,130.0,113.0,0.743421052631579,0.8692307692307693,0.756578947368421,0.8846153846153846,0
2019-11-01,business,1,0,0,0.0,18.0,22,22.0,18.0,0.8181818181818182,0.8181818181818182,0.8181818181818182,0.8181818181818182,0
2019-11-01,business,1,1,49,3.0,128.0,211,162.0,125.0,0.5924170616113744,0.7716049382716049,0.6066350710900474,0.7901234567901234,0
2019-11-01,other,0,0,4,2.0,34.0,42,38.0,32.0,0.7619047619047619,0.8421052631578947,0.8095238095238095,0.8947368421052632,0
2019-11-01,other,0,1,1,2.0,34.0,47,46.0,32.0,0.6808510638297872,0.6956521739130435,0.723404255319149,0.7391304347826086,0
2019-11-01,other,1,0,0,0.0,1.0,4,4.0,1.0,0.25,0.25,0.25,0.25,0
2019-11-01,other,1,1,7,0.0,10.0,70,63.0,10.0,0.14285714285714285,0.15873015873015872,0.14285714285714285,0.15873015873015872,0
2019-11-01,plus yearly,0,0,139,111.0,4226.0,5388,5249.0,4115.0,0.7637342242019303,0.7839588493046294,0.7843355605048256,0.8051057344256048,0
2019-11-01,plus yearly,0,1,219,55.0,1703.0,2395,2176.0,1648.0,0.6881002087682673,0.7573529411764706,0.7110647181628392,0.7826286764705882,0
2019-11-01,plus yearly,1,0,1,2.0,78.0,105,104.0,76.0,0.7238095238095238,0.7307692307692307,0.7428571428571429,0.75,0
2019-11-01,plus yearly,1,1,414,117.0,2366.0,4372,3958.0,2249.0,0.5144098810612991,0.5682162708438605,0.541171088746569,0.5977766548762001,0
2019-11-01,premium yearly,0,0,21,12.0,131.0,185,164.0,119.0,0.6432432432432432,0.725609756097561,0.7081081081081081,0.7987804878048781,0
2019-11-01,premium yearly,0,1,23,9.0,83.0,133,110.0,74.0,0.556390977443609,0.6727272727272727,0.6240601503759399,0.7545454545454545,0
2019-11-01,pro,0,0,63,36.0,1103.0,1425,1362.0,1067.0,0.7487719298245614,0.7834067547723935,0.7740350877192983,0.8098384728340675,0
2019-11-01,pro,0,1,73,29.0,639.0,863,790.0,610.0,0.7068366164542295,0.7721518987341772,0.7404403244495944,0.8088607594936709,0
2019-11-01,pro,1,0,1,2.0,52.0,65,64.0,50.0,0.7692307692307693,0.78125,0.8,0.8125,0
2019-11-01,pro,1,1,105,34.0,547.0,833,728.0,513.0,0.6158463385354142,0.7046703296703297,0.6566626650660264,0.7513736263736264,0
2019-12-01,business,0,0,14,4.0,144.0,196,182.0,140.0,0.7142857142857143,0.7692307692307693,0.7346938775510204,0.7912087912087912,0
2019-12-01,business,0,1,21,4.0,124.0,155,134.0,120.0,0.7741935483870968,0.8955223880597015,0.8,0.9253731343283582,0
2019-12-01,business,1,0,1,0.0,15.0,20,19.0,15.0,0.75,0.7894736842105263,0.75,0.7894736842105263,0
2019-12-01,business,1,1,37,3.0,141.0,221,184.0,138.0,0.6244343891402715,0.75,0.6380090497737556,0.7663043478260869,0
2019-12-01,other,0,0,3,1.0,27.0,39,36.0,26.0,0.6666666666666666,0.7222222222222222,0.6923076923076923,0.75,0
2019-12-01,other,0,1,5,4.0,33.0,44,39.0,29.0,0.6590909090909091,0.7435897435897436,0.75,0.8461538461538461,0
2019-12-01,other,1,0,0,0.0,0.0,2,2.0,0.0,0.0,0.0,0.0,0.0,0
2019-12-01,other,1,1,0,0.0,3.0,42,42.0,3.0,0.07142857142857142,0.07142857142857142,0.07142857142857142,0.07142857142857142,0
2019-12-01,plus yearly,0,0,144,120.0,3981.0,5079,4935.0,3861.0,0.7601890135853514,0.782370820668693,0.7838157117542823,0.8066869300911854,0
2019-12-01,plus yearly,0,1,223,53.0,1844.0,2574,2351.0,1791.0,0.6958041958041958,0.761803487877499,0.7163947163947164,0.7843470863462356,0
2019-12-01,plus yearly,1,0,2,3.0,92.0,119,117.0,89.0,0.7478991596638656,0.7606837606837606,0.773109243697479,0.7863247863247863,0
2019-12-01,plus yearly,1,1,555,153.0,2983.0,5397,4842.0,2830.0,0.5243653881786178,0.5844692275919041,0.5527144710024088,0.6160677406030566,0
2019-12-01,premium yearly,0,0,14,3.0,123.0,167,153.0,120.0,0.718562874251497,0.7843137254901961,0.7365269461077845,0.803921568627451,0
2019-12-01,premium yearly,0,1,22,4.0,110.0,176,154.0,106.0,0.6022727272727273,0.6883116883116883,0.625,0.7142857142857143,0
2019-12-01,pro,0,0,52,42.0,930.0,1195,1143.0,888.0,0.7430962343096235,0.7769028871391076,0.7782426778242678,0.8136482939632546,0
2019-12-01,pro,0,1,63,21.0,589.0,805,742.0,568.0,0.7055900621118012,0.7654986522911051,0.7316770186335404,0.793800539083558,0
2019-12-01,pro,1,0,1,4.0,39.0,49,48.0,35.0,0.7142857142857143,0.7291666666666666,0.7959183673469388,0.8125,0
2019-12-01,pro,1,1,95,30.0,627.0,956,861.0,597.0,0.6244769874476988,0.6933797909407665,0.6558577405857741,0.7282229965156795,0
2020-01-01,business,0,0,10,3.0,154.0,188,178.0,151.0,0.8031914893617021,0.848314606741573,0.8191489361702128,0.8651685393258427,0
2020-01-01,business,0,1,12,4.0,97.0,127,115.0,93.0,0.7322834645669292,0.808695652173913,0.7637795275590551,0.8434782608695652,0
2020-01-01,business,1,0,0,1.0,12.0,13,13.0,11.0,0.8461538461538461,0.8461538461538461,0.9230769230769231,0.9230769230769231,0
2020-01-01,business,1,1,61,6.0,121.0,227,166.0,115.0,0.5066079295154186,0.6927710843373494,0.5330396475770925,0.7289156626506024,0
2020-01-01,other,0,0,1,1.0,30.0,36,35.0,29.0,0.8055555555555556,0.8285714285714286,0.8333333333333334,0.8571428571428571,0
2020-01-01,other,0,1,4,1.0,45.0,62,58.0,44.0,0.7096774193548387,0.7586206896551724,0.7258064516129032,0.7758620689655172,0
2020-01-01,other,1,0,1,0.0,2.0,7,6.0,2.0,0.2857142857142857,0.3333333333333333,0.2857142857142857,0.3333333333333333,0
2020-01-01,other,1,1,4,0.0,13.0,65,61.0,13.0,0.2,0.21311475409836064,0.2,0.21311475409836064,0
2020-01-01,plus yearly,0,0,158,120.0,4536.0,5748,5590.0,4416.0,0.7682672233820459,0.7899821109123435,0.7891440501043842,0.8114490161001789,0
2020-01-01,plus yearly,0,1,206,80.0,1958.0,2635,2429.0,1878.0,0.7127134724857686,0.7731576780568135,0.7430740037950664,0.8060930424042816,0
2020-01-01,plus yearly,1,0,3,3.0,92.0,121,118.0,89.0,0.7355371900826446,0.7542372881355932,0.7603305785123967,0.7796610169491526,0
2020-01-01,plus yearly,1,1,735,144.0,2835.0,5402,4667.0,2691.0,0.49814883376527214,0.5766016713091922,0.5248056275453535,0.6074566102421256,0
2020-01-01,premium yearly,0,0,19,8.0,122.0,168,149.0,114.0,0.6785714285714286,0.7651006711409396,0.7261904761904762,0.8187919463087249,0
2020-01-01,premium yearly,0,1,25,5.0,104.0,155,130.0,99.0,0.6387096774193548,0.7615384615384615,0.6709677419354839,0.8,0
2020-01-01,pro,0,0,78,46.0,1144.0,1486,1408.0,1098.0,0.7388963660834454,0.7798295454545454,0.7698519515477793,0.8125,0
2020-01-01,pro,0,1,90,28.0,693.0,934,844.0,665.0,0.7119914346895075,0.7879146919431279,0.7419700214132763,0.8210900473933649,0
2020-01-01,pro,1,0,1,2.0,44.0,62,61.0,42.0,0.6774193548387096,0.6885245901639344,0.7096774193548387,0.7213114754098361,0
2020-01-01,pro,1,1,146,26.0,570.0,910,764.0,544.0,0.5978021978021978,0.7120418848167539,0.6263736263736264,0.7460732984293194,0
2020-02-01,business,0,0,19,6.0,187.0,226,207.0,181.0,0.8008849557522124,0.8743961352657005,0.827433628318584,0.9033816425120773,0
2020-02-01,business,0,1,14,7.0,124.0,154,140.0,117.0,0.7597402597402597,0.8357142857142857,0.8051948051948052,0.8857142857142857,0
2020-02-01,business,1,0,1,1.0,23.0,25,24.0,22.0,0.88,0.9166666666666666,0.92,0.9583333333333334,0
2020-02-01,business,1,1,44,6.0,158.0,240,196.0,152.0,0.6333333333333333,0.7755102040816326,0.6583333333333333,0.8061224489795918,0
2020-02-01,other,0,0,2,1.0,24.0,30,28.0,23.0,0.7666666666666667,0.8214285714285714,0.8,0.8571428571428571,0
2020-02-01,other,0,1,5,0.0,27.0,43,38.0,27.0,0.627906976744186,0.7105263157894737,0.627906976744186,0.7105263157894737,0
2020-02-01,other,1,0,0,0.0,0.0,10,10.0,0.0,0.0,0.0,0.0,0.0,0
2020-02-01,other,1,1,3,0.0,6.0,55,52.0,6.0,0.10909090909090909,0.11538461538461539,0.10909090909090909,0.11538461538461539,0
2020-02-01,plus yearly,0,0,136,111.0,4200.0,5305,5169.0,4089.0,0.7707822808671065,0.7910621009866512,0.7917059377945335,0.812536273940801,0
2020-02-01,plus yearly,0,1,216,52.0,1845.0,2540,2324.0,1793.0,0.7059055118110236,0.7715146299483648,0.7263779527559056,0.7938898450946644,0
2020-02-01,plus yearly,1,0,4,3.0,87.0,122,118.0,84.0,0.6885245901639344,0.711864406779661,0.7131147540983607,0.7372881355932204,0
2020-02-01,plus yearly,1,1,798,153.0,2998.0,5509,4711.0,2845.0,0.5164276638228353,0.6039057524941626,0.5442003993465239,0.6363829335597537,0
2020-02-01,premium yearly,0,0,20,13.0,137.0,196,176.0,124.0,0.6326530612244898,0.7045454545454546,0.6989795918367347,0.7784090909090909,0
2020-02-01,premium yearly,0,1,20,7.0,106.0,157,137.0,99.0,0.6305732484076433,0.7226277372262774,0.6751592356687898,0.7737226277372263,0
2020-02-01,pro,0,0,72,37.0,1240.0,1571,1499.0,1203.0,0.7657542966263526,0.8025350233488993,0.7893061744112031,0.8272181454302868,0
2020-02-01,pro,0,1,77,19.0,682.0,923,846.0,663.0,0.7183098591549296,0.7836879432624113,0.7388949079089924,0.806146572104019,0
2020-02-01,pro,1,0,0,0.0,50.0,63,63.0,50.0,0.7936507936507936,0.7936507936507936,0.7936507936507936,0.7936507936507936,0
2020-02-01,pro,1,1,147,23.0,598.0,980,833.0,575.0,0.5867346938775511,0.6902761104441777,0.610204081632653,0.7178871548619448,0
2020-03-01,business,0,0,103,35.0,667.0,866,763.0,632.0,0.7297921478060047,0.8283093053735255,0.7702078521939953,0.8741808650065531,0
2020-03-01,business,0,1,58,7.0,257.0,362,304.0,250.0,0.6906077348066298,0.8223684210526315,0.7099447513812155,0.8453947368421053,0
2020-03-01,business,1,0,1,0.0,29.0,31,30.0,29.0,0.9354838709677419,0.9666666666666667,0.9354838709677419,0.9666666666666667,0
2020-03-01,business,1,1,87,17.0,167.0,309,222.0,150.0,0.4854368932038835,0.6756756756756757,0.540453074433657,0.7522522522522522,0
2020-03-01,other,0,0,13,12.0,183.0,244,231.0,171.0,0.7008196721311475,0.7402597402597403,0.75,0.7922077922077922,0
2020-03-01,other,0,1,31,18.0,217.0,294,263.0,199.0,0.6768707482993197,0.7566539923954373,0.7380952380952381,0.8250950570342205,0
2020-03-01,other,1,0,3,0.0,13.0,67,64.0,13.0,0.19402985074626866,0.203125,0.19402985074626866,0.203125,0
2020-03-01,other,1,1,30,0.0,35.0,290,260.0,35.0,0.1206896551724138,0.1346153846153846,0.1206896551724138,0.1346153846153846,0
2020-03-01,plus yearly,0,0,365,259.0,8006.0,10083,9718.0,7747.0,0.7683229197659427,0.7971804898127187,0.7940097193295647,0.823832064210743,0
2020-03-01,plus yearly,0,1,425,117.0,3038.0,4156,3731.0,2921.0,0.7028392685274302,0.7829000268024658,0.7309913378248316,0.8142589118198874,0
2020-03-01,plus yearly,1,0,9,5.0,175.0,273,264.0,170.0,0.6227106227106227,0.6439393939393939,0.6410256410256411,0.6628787878787878,0
2020-03-01,plus yearly,1,1,1005,209.0,3694.0,6814,5809.0,3485.0,0.5114470208394482,0.5999311413324152,0.5421191664220723,0.635909795145464,0
2020-03-01,premium yearly,0,0,424,56.0,1376.0,2095,1671.0,1320.0,0.630071599045346,0.7899461400359067,0.6568019093078759,0.8234590065828845,0
2020-03-01,premium yearly,0,1,191,31.0,495.0,789,598.0,464.0,0.5880861850443599,0.7759197324414716,0.6273764258555133,0.8277591973244147,0
2020-03-01,pro,0,0,275,120.0,3124.0,4075,3800.0,3004.0,0.7371779141104294,0.7905263157894736,0.7666257668711657,0.8221052631578948,0
2020-03-01,pro,0,1,231,42.0,1322.0,1825,1594.0,1280.0,0.7013698630136986,0.8030112923462986,0.7243835616438357,0.8293601003764115,0
2020-03-01,pro,1,0,3,2.0,94.0,114,111.0,92.0,0.8070175438596491,0.8288288288288288,0.8245614035087719,0.8468468468468469,0
2020-03-01,pro,1,1,244,43.0,818.0,1357,1113.0,775.0,0.5711127487103905,0.6963162623539982,0.6028002947678703,0.7349505840071878,0
2020-04-01,business,0,0,112,21.0,611.0,821,709.0,590.0,0.7186358099878197,0.8321579689703809,0.7442143727161997,0.8617771509167842,0
2020-04-01,business,0,1,61,12.0,309.0,419,358.0,297.0,0.7088305489260143,0.8296089385474861,0.7374701670644391,0.8631284916201117,0
2020-04-01,business,1,0,9,12.0,193.0,221,212.0,181.0,0.8190045248868778,0.8537735849056604,0.8733031674208145,0.910377358490566,0
2020-04-01,business,1,1,259,30.0,418.0,811,552.0,388.0,0.4784217016029593,0.7028985507246377,0.5154130702836005,0.7572463768115942,0
2020-04-01,other,0,0,18,9.0,152.0,212,194.0,143.0,0.6745283018867925,0.7371134020618557,0.7169811320754716,0.7835051546391752,0
2020-04-01,other,0,1,11,11.0,155.0,212,201.0,144.0,0.6792452830188679,0.7164179104477612,0.7311320754716981,0.7711442786069652,0
2020-04-01,other,1,0,3,0.0,16.0,88,85.0,16.0,0.18181818181818182,0.18823529411764706,0.18181818181818182,0.18823529411764706,0
2020-04-01,other,1,1,31,1.0,39.0,339,308.0,38.0,0.11209439528023599,0.12337662337662338,0.11504424778761062,0.1266233766233766,0
2020-04-01,plus yearly,0,0,505,307.0,9445.0,12037,11532.0,9138.0,0.759159258951566,0.7924037460978148,0.7846639528121625,0.8190253208463406,0
2020-04-01,plus yearly,0,1,519,159.0,3925.0,5498,4979.0,3766.0,0.6849763550381958,0.756376782486443,0.7138959621680611,0.7883109058043783,0
2020-04-01,plus yearly,1,0,29,23.0,513.0,743,714.0,490.0,0.6594885598923284,0.6862745098039216,0.6904441453566622,0.7184873949579832,0
2020-04-01,plus yearly,1,1,2276,433.0,7194.0,13686,11410.0,6761.0,0.49400847581470114,0.5925503943908852,0.5256466462078035,0.6304995617879053,0
2020-04-01,premium yearly,0,0,335,52.0,1151.0,1695,1360.0,1099.0,0.6483775811209439,0.8080882352941177,0.6790560471976401,0.8463235294117647,0
2020-04-01,premium yearly,0,1,153,32.0,537.0,845,692.0,505.0,0.5976331360946746,0.7297687861271677,0.6355029585798817,0.7760115606936416,0
2020-04-01,pro,0,0,321,136.0,3397.0,4405,4084.0,3261.0,0.7402951191827469,0.7984818805093046,0.7711691259931895,0.8317825661116552,0
2020-04-01,pro,0,1,225,63.0,1463.0,2029,1804.0,1400.0,0.6899950714637753,0.7760532150776053,0.7210448496796451,0.8109756097560976,0
2020-04-01,pro,1,0,19,19.0,406.0,490,471.0,387.0,0.789795918367347,0.821656050955414,0.8285714285714286,0.861995753715499,0
2020-04-01,pro,1,1,654,103.0,1828.0,3152,2498.0,1725.0,0.5472715736040609,0.6905524419535628,0.5799492385786802,0.7317854283426741,0
2020-05-01,business,0,0,95,36.0,519.0,680,585.0,483.0,0.7102941176470589,0.8256410256410256,0.763235294117647,0.8871794871794871,0
2020-05-01,business,0,1,67,20.0,300.0,422,355.0,280.0,0.6635071090047393,0.7887323943661971,0.7109004739336493,0.8450704225352113,0
2020-05-01,business,1,0,15,5.0,129.0,168,153.0,124.0,0.7380952380952381,0.8104575163398693,0.7678571428571429,0.8431372549019608,0
2020-05-01,business,1,1,403,32.0,526.0,1085,682.0,494.0,0.4552995391705069,0.7243401759530792,0.4847926267281106,0.7712609970674487,0
2020-05-01,other,0,0,14,9.0,129.0,165,151.0,120.0,0.7272727272727273,0.7947019867549668,0.7818181818181819,0.8543046357615894,0
2020-05-01,other,0,1,10,15.0,136.0,181,171.0,121.0,0.6685082872928176,0.7076023391812866,0.7513812154696132,0.7953216374269005,0
2020-05-01,other,1,0,0,1.0,4.0,10,10.0,3.0,0.3,0.3,0.4,0.4,0
2020-05-01,other,1,1,1,2.0,33.0,62,61.0,31.0,0.5,0.5081967213114754,0.532258064516129,0.5409836065573771,0
2020-05-01,plus yearly,0,0,454,264.0,8220.0,10512,10058.0,7956.0,0.7568493150684932,0.7910121296480414,0.7819634703196348,0.8172598926227879,0
2020-05-01,plus yearly,0,1,497,145.0,3786.0,5296,4799.0,3641.0,0.6875,0.7586997291102313,0.7148791540785498,0.7889143571577412,0
2020-05-01,plus yearly,1,0,23,12.0,479.0,656,633.0,467.0,0.711890243902439,0.7377567140600316,0.7301829268292683,0.7567140600315956,0
2020-05-01,plus yearly,1,1,3552,590.0,10149.0,19781,16229.0,9559.0,0.4832414943632779,0.5890073325528375,0.5130680956473384,0.6253620062850452,0
2020-05-01,premium yearly,0,0,304,50.0,909.0,1395,1091.0,859.0,0.6157706093189964,0.7873510540788268,0.6516129032258065,0.8331805682859762,0
2020-05-01,premium yearly,0,1,137,47.0,610.0,887,750.0,563.0,0.6347237880496054,0.7506666666666667,0.6877113866967306,0.8133333333333334,0
2020-05-01,pro,0,0,294,101.0,2721.0,3606,3312.0,2620.0,0.7265668330560178,0.7910628019323671,0.7545757071547421,0.8215579710144928,0
2020-05-01,pro,0,1,195,47.0,1409.0,1916,1721.0,1362.0,0.7108559498956158,0.7914003486345148,0.7353862212943633,0.8187100522951772,0
2020-05-01,pro,1,0,18,20.0,370.0,452,434.0,350.0,0.7743362831858407,0.8064516129032258,0.8185840707964602,0.8525345622119815,0
2020-05-01,pro,1,1,1038,146.0,2332.0,4294,3256.0,2186.0,0.5090824406148113,0.6713759213759214,0.5430833721471822,0.7162162162162162,0
2020-06-01,business,0,0,67,18.0,408.0,550,483.0,390.0,0.7090909090909091,0.8074534161490683,0.7418181818181818,0.84472049689441,0
2020-06-01,business,0,1,58,16.0,250.0,367,309.0,234.0,0.6376021798365122,0.7572815533980582,0.6811989100817438,0.8090614886731392,0
2020-06-01,business,1,0,7,4.0,70.0,89,82.0,66.0,0.7415730337078652,0.8048780487804879,0.7865168539325843,0.8536585365853658,0
2020-06-01,business,1,1,359,34.0,457.0,952,593.0,423.0,0.44432773109243695,0.7133220910623946,0.4800420168067227,0.7706576728499157,0
2020-06-01,other,0,0,8,3.0,81.0,109,101.0,78.0,0.7155963302752294,0.7722772277227723,0.7431192660550459,0.801980198019802,0
2020-06-01,other,0,1,22,11.0,95.0,147,125.0,84.0,0.5714285714285714,0.672,0.6462585034013606,0.76,0
2020-06-01,other,1,0,1,1.0,16.0,29,28.0,15.0,0.5172413793103449,0.5357142857142857,0.5517241379310345,0.5714285714285714,0
2020-06-01,other,1,1,14,6.0,120.0,213,199.0,114.0,0.5352112676056338,0.5728643216080402,0.5633802816901409,0.6030150753768844,0
2020-06-01,plus yearly,0,0,308,225.0,6578.0,8435,8127.0,6353.0,0.753171310017783,0.7817152700873631,0.779845880260818,0.809400762889135,0
2020-06-01,plus yearly,0,1,402,115.0,2974.0,4214,3812.0,2859.0,0.6784527764594209,0.75,0.7057427622211675,0.7801678908709339,0
2020-06-01,plus yearly,1,0,11,8.0,314.0,403,392.0,306.0,0.7593052109181141,0.7806122448979592,0.7791563275434243,0.8010204081632653,0
2020-06-01,plus yearly,1,1,3412,613.0,8943.0,17637,14225.0,8330.0,0.4723025457844305,0.5855887521968366,0.5070590236434768,0.6286818980667839,0
2020-06-01,premium yearly,0,0,228,54.0,820.0,1239,1011.0,766.0,0.6182405165456013,0.7576656775469832,0.6618240516545602,0.811078140454995,0
2020-06-01,premium yearly,0,1,103,32.0,550.0,793,690.0,518.0,0.6532156368221942,0.7507246376811594,0.6935687263556116,0.7971014492753623,0
2020-06-01,pro,0,0,210,90.0,2213.0,2911,2701.0,2123.0,0.7293026451391275,0.7860051832654572,0.760219855719684,0.8193261754905591,0
2020-06-01,pro,0,1,226,57.0,1149.0,1636,1410.0,1092.0,0.6674816625916871,0.774468085106383,0.7023227383863081,0.8148936170212766,0
2020-06-01,pro,1,0,16,12.0,244.0,313,297.0,232.0,0.7412140575079872,0.7811447811447811,0.7795527156549521,0.8215488215488216,0
2020-06-01,pro,1,1,956,130.0,1934.0,3719,2763.0,1804.0,0.48507663350363,0.6529134998190372,0.5200322667383706,0.6999638074556641,0
2020-07-01,business,0,0,61,17.56295479603085,401.7525909592062,524,4023.0,384.18963616317535,0.7331863285556781,0.8264976385781755,0.7667034178610805,0.8642803877703207,1
2020-08-01,business,0,0,55,17.529437706725446,400.9858875413451,523,4023.0,383.45644983461966,0.7331863285556781,0.8264976385781755,0.7667034178610805,0.8642803877703207,1
2020-09-01,business,0,0,67,18.56846747519296,424.75369349503865,554,4023.0,406.1852260198457,0.7331863285556781,0.8264976385781755,0.7667034178610805,0.8642803877703207,1
2020-10-01,business,0,0,86,20.043219404630634,458.48864388092613,598,4023.0,438.4454244762955,0.7331863285556781,0.8264976385781755,0.7667034178610805,0.8642803877703207,1
2020-11-01,business,0,0,83,19.708048511576635,450.82160970231536,588,4023.0,431.1135611907387,0.7331863285556781,0.8264976385781755,0.7667034178610805,0.8642803877703207,1
2020-12-01,business,0,0,48,13.50738699007718,308.98147739801544,403,4023.0,295.47409040793826,0.7331863285556781,0.8264976385781755,0.7667034178610805,0.8642803877703207,1
2021-01-01,business,0,0,34,12.200220507166478,279.0800441014333,364,4023.0,266.87982359426684,0.7331863285556781,0.8264976385781755,0.7667034178610805,0.8642803877703207,1
2021-02-01,business,0,0,42,13.071664829106908,299.0143329658214,390,4023.0,285.9426681367145,0.7331863285556781,0.8264976385781755,0.7667034178610805,0.8642803877703207,1
2021-03-01,business,0,0,42,14.982138919514853,342.716427783903,447,4023.0,327.73428886438813,0.7331863285556781,0.8264976385781755,0.7667034178610805,0.8642803877703207,1
2021-04-01,business,0,0,46,11.429327453142236,261.4458654906285,341,4023.0,250.01653803748624,0.7331863285556781,0.8264976385781755,0.7667034178610805,0.8642803877703207,1
2021-05-01,business,0,0,36,11.462844542447613,262.2125689084895,342,4023.0,250.7497243660419,0.7331863285556781,0.8264976385781755,0.7667034178610805,0.8642803877703207,1
2021-06-01,business,0,0,33,13.105181918412313,299.7810363836825,391,4023.0,286.67585446527016,0.7331863285556781,0.8264976385781755,0.7667034178610805,0.8642803877703207,1
2021-07-01,business,0,0,35,10.658434399117965,243.8116868798236,318,4023.0,233.15325248070565,0.7331863285556781,0.8264976385781755,0.7667034178610805,0.8642803877703207,1
2020-07-01,business,0,1,57,9.386503067484682,222.92944785276075,306,2229.0,213.54294478527606,0.6978527607361963,0.816509645580978,0.7285276073619632,0.8524001794526693,1
2020-08-01,business,0,1,38,10.552147239263832,250.61349693251535,344,2229.0,240.06134969325151,0.6978527607361963,0.816509645580978,0.7285276073619632,0.8524001794526693,1
2020-09-01,business,0,1,72,12.055214723926383,286.31134969325154,393,2229.0,274.25613496932516,0.6978527607361963,0.816509645580978,0.7285276073619632,0.8524001794526693,1
2020-10-01,business,0,1,70,11.165644171779178,265.18404907975463,364,2229.0,254.01840490797545,0.6978527607361963,0.816509645580978,0.7285276073619632,0.8524001794526693,1
2020-11-01,business,0,1,74,12.02453987730064,285.5828220858896,392,2229.0,273.55828220858893,0.6978527607361963,0.816509645580978,0.7285276073619632,0.8524001794526693,1
2020-12-01,business,0,1,44,10.092024539877315,239.6855828220859,329,2229.0,229.5935582822086,0.6978527607361963,0.816509645580978,0.7285276073619632,0.8524001794526693,1
2021-01-01,business,0,1,43,7.730061349693273,183.58895705521473,252,2229.0,175.85889570552146,0.6978527607361963,0.816509645580978,0.7285276073619632,0.8524001794526693,1
2021-02-01,business,0,1,36,8.558282208588963,203.25920245398774,279,2229.0,194.70092024539878,0.6978527607361963,0.816509645580978,0.7285276073619632,0.8524001794526693,1
2021-03-01,business,0,1,47,10.214723926380401,242.59969325153375,333,2229.0,232.38496932515335,0.6978527607361963,0.816509645580978,0.7285276073619632,0.8524001794526693,1
2021-04-01,business,0,1,51,8.588957055214735,203.9877300613497,280,2229.0,195.39877300613497,0.6978527607361963,0.816509645580978,0.7285276073619632,0.8524001794526693,1
2021-05-01,business,0,1,45,8.220858895705533,195.24539877300614,268,2229.0,187.0245398773006,0.6978527607361963,0.816509645580978,0.7285276073619632,0.8524001794526693,1
2021-06-01,business,0,1,44,8.987730061349708,213.4585889570552,293,2229.0,204.4708588957055,0.6978527607361963,0.816509645580978,0.7285276073619632,0.8524001794526693,1
2021-07-01,business,0,1,28,7.116564417177926,169.01840490797545,232,2229.0,161.90184049079753,0.6978527607361963,0.816509645580978,0.7285276073619632,0.8524001794526693,1
2020-07-01,business,1,0,3,3.488817891373799,70.04472843450479,84,591.0,66.55591054313099,0.792332268370607,0.8392554991539763,0.8338658146964856,0.883248730964467,1
2020-08-01,business,1,0,4,2.8242811501597416,56.70287539936102,68,591.0,53.87859424920128,0.792332268370607,0.8392554991539763,0.8338658146964856,0.883248730964467,1
2020-09-01,business,1,0,4,3.2396166134185336,65.04153354632588,78,591.0,61.801916932907346,0.792332268370607,0.8392554991539763,0.8338658146964856,0.883248730964467,1
2020-10-01,business,1,0,5,3.5303514376996787,70.87859424920127,85,591.0,67.34824281150159,0.792332268370607,0.8392554991539763,0.8338658146964856,0.883248730964467,1
2020-11-01,business,1,0,6,2.2012779552715642,44.194888178913736,53,591.0,41.99361022364217,0.792332268370607,0.8392554991539763,0.8338658146964856,0.883248730964467,1
2020-12-01,business,1,0,5,2.990415335463261,60.03833865814696,72,591.0,57.0479233226837,0.792332268370607,0.8392554991539763,0.8338658146964856,0.883248730964467,1
2021-01-01,business,1,0,5,2.9073482428114943,58.37060702875399,70,591.0,55.46325878594249,0.792332268370607,0.8392554991539763,0.8338658146964856,0.883248730964467,1
2021-02-01,business,1,0,7,4.817891373801928,96.72843450479233,116,591.0,91.9105431309904,0.792332268370607,0.8392554991539763,0.8338658146964856,0.883248730964467,1
2021-03-01,business,1,0,5,4.236421725239609,85.05431309904152,102,591.0,80.81789137380191,0.792332268370607,0.8392554991539763,0.8338658146964856,0.883248730964467,1
2021-04-01,business,1,0,13,3.447284345047919,69.2108626198083,83,591.0,65.76357827476038,0.792332268370607,0.8392554991539763,0.8338658146964856,0.883248730964467,1
2021-05-01,business,1,0,3,3.821086261980838,76.71565495207668,92,591.0,72.89456869009584,0.792332268370607,0.8392554991539763,0.8338658146964856,0.883248730964467,1
2021-06-01,business,1,0,5,3.6964856230031984,74.21405750798722,89,591.0,70.51757188498402,0.792332268370607,0.8392554991539763,0.8338658146964856,0.883248730964467,1
2021-07-01,business,1,0,6,3.7380191693290783,75.0479233226837,90,591.0,71.30990415335462,0.792332268370607,0.8392554991539763,0.8338658146964856,0.883248730964467,1
2020-07-01,business,1,1,272,25.37050523441053,422.9025944469731,802,3032.0,397.5320892125626,0.49567592171142466,0.7183377308707124,0.5273099681383705,0.7641820580474934,1
2020-08-01,business,1,1,252,22.333636777423806,372.2808375056896,706,3032.0,349.9472007282658,0.49567592171142466,0.7183377308707124,0.5273099681383705,0.7641820580474934,1
2020-09-01,business,1,1,246,24.01024123805189,400.2282658170232,759,3032.0,376.2180245789713,0.49567592171142466,0.7183377308707124,0.5273099681383705,0.7641820580474934,1
2020-10-01,business,1,1,309,27.26854802002731,454.54119253527534,862,3032.0,427.27264451524803,0.49567592171142466,0.7183377308707124,0.5273099681383705,0.7641820580474934,1
2020-11-01,business,1,1,294,26.192990441511142,436.6126536185708,828,3032.0,410.41966317705965,0.49567592171142466,0.7183377308707124,0.5273099681383705,0.7641820580474934,1
2020-12-01,business,1,1,326,29.103322712790145,485.12517068730085,920,3032.0,456.0218479745107,0.49567592171142466,0.7183377308707124,0.5273099681383705,0.7641820580474934,1
2021-01-01,business,1,1,328,29.546199362767425,492.50751024123804,934,3032.0,462.9613108784706,0.49567592171142466,0.7183377308707124,0.5273099681383705,0.7641820580474934,1
2021-02-01,business,1,1,345,33.69025944469729,561.5851160673645,1065,3032.0,527.8948566226672,0.49567592171142466,0.7183377308707124,0.5273099681383705,0.7641820580474934,1
2021-03-01,business,1,1,422,38.62517068730085,643.8454710969504,1221,3032.0,605.2203004096496,0.49567592171142466,0.7183377308707124,0.5273099681383705,0.7641820580474934,1
2021-04-01,business,1,1,369,37.23327264451518,620.643832498862,1177,3032.0,583.4105598543468,0.49567592171142466,0.7183377308707124,0.5273099681383705,0.7641820580474934,1
2021-05-01,business,1,1,372,34.670914883932596,577.931725079654,1096,3032.0,543.2608101957214,0.49567592171142466,0.7183377308707124,0.5273099681383705,0.7641820580474934,1
2021-06-01,business,1,1,333,34.41784251251704,573.7132453345471,1088,3032.0,539.29540282203,0.49567592171142466,0.7183377308707124,0.5273099681383705,0.7641820580474934,1
2021-07-01,business,1,1,314,37.04346836595357,617.4799726900319,1171,3032.0,580.4365043240783,0.49567592171142466,0.7183377308707124,0.5273099681383705,0.7641820580474934,1
2020-07-01,other,0,0,10,4.356164383561648,79.86301369863014,106,951.0,75.5068493150685,0.7123287671232876,0.7655099894847529,0.7534246575342466,0.8096740273396424,1
2020-08-01,other,0,0,3,3.4109589041095916,62.534246575342465,83,951.0,59.12328767123287,0.7123287671232876,0.7655099894847529,0.7534246575342466,0.8096740273396424,1
2020-09-01,other,0,0,5,5.3013698630137185,97.19178082191782,129,951.0,91.8904109589041,0.7123287671232876,0.7655099894847529,0.7534246575342466,0.8096740273396424,1
2020-10-01,other,0,0,9,4.479452054794521,82.12328767123287,109,951.0,77.64383561643835,0.7123287671232876,0.7655099894847529,0.7534246575342466,0.8096740273396424,1
2020-11-01,other,0,0,7,3.6164383561643945,66.3013698630137,88,951.0,62.68493150684931,0.7123287671232876,0.7655099894847529,0.7534246575342466,0.8096740273396424,1
2020-12-01,other,0,0,6,2.7123287671232887,49.726027397260275,66,951.0,47.013698630136986,0.7123287671232876,0.7655099894847529,0.7534246575342466,0.8096740273396424,1
2021-01-01,other,0,0,5,3.9452054794520706,72.32876712328768,96,951.0,68.3835616438356,0.7123287671232876,0.7655099894847529,0.7534246575342466,0.8096740273396424,1
2021-02-01,other,0,0,4,3.205479452054796,58.76712328767123,78,951.0,55.56164383561644,0.7123287671232876,0.7655099894847529,0.7534246575342466,0.8096740273396424,1
2021-03-01,other,0,0,9,3.69863013698631,67.8082191780822,90,951.0,64.10958904109589,0.7123287671232876,0.7655099894847529,0.7534246575342466,0.8096740273396424,1
2021-04-01,other,0,0,5,3.041095890410965,55.75342465753425,74,951.0,52.71232876712328,0.7123287671232876,0.7655099894847529,0.7534246575342466,0.8096740273396424,1
2021-05-01,other,0,0,2,3.863013698630141,70.82191780821918,94,951.0,66.95890410958904,0.7123287671232876,0.7655099894847529,0.7534246575342466,0.8096740273396424,1
2021-06-01,other,0,0,7,2.5890410958904155,47.465753424657535,63,951.0,44.87671232876712,0.7123287671232876,0.7655099894847529,0.7534246575342466,0.8096740273396424,1
2021-07-01,other,0,0,8,2.5890410958904155,47.465753424657535,63,951.0,44.87671232876712,0.7123287671232876,0.7655099894847529,0.7534246575342466,0.8096740273396424,1
2020-07-01,other,0,1,10,6.570954356846471,76.27634854771784,107,1103.0,69.70539419087137,0.6514522821576764,0.7116953762466002,0.7128630705394191,0.7787851314596554,1
2020-08-01,other,0,1,10,5.2199170124481356,60.593360995850624,85,1103.0,55.37344398340249,0.6514522821576764,0.7116953762466002,0.7128630705394191,0.7787851314596554,1
2020-09-01,other,0,1,9,4.9742738589211655,57.74190871369295,81,1103.0,52.767634854771785,0.6514522821576764,0.7116953762466002,0.7128630705394191,0.7787851314596554,1
2020-10-01,other,0,1,6,5.158506224066386,59.880497925311204,84,1103.0,54.72199170124482,0.6514522821576764,0.7116953762466002,0.7128630705394191,0.7787851314596554,1
2020-11-01,other,0,1,6,6.079668049792545,70.5734439834025,99,1103.0,64.49377593360995,0.6514522821576764,0.7116953762466002,0.7128630705394191,0.7787851314596554,1
2020-12-01,other,0,1,4,3.4390041493775954,39.92033195020747,56,1103.0,36.481327800829874,0.6514522821576764,0.7116953762466002,0.7128630705394191,0.7787851314596554,1
2021-01-01,other,0,1,8,4.790041493775931,55.60331950207469,78,1103.0,50.81327800829876,0.6514522821576764,0.7116953762466002,0.7128630705394191,0.7787851314596554,1
2021-02-01,other,0,1,14,4.360165975103733,50.61327800829876,71,1103.0,46.25311203319502,0.6514522821576764,0.7116953762466002,0.7128630705394191,0.7787851314596554,1
2021-03-01,other,0,1,16,5.158506224066386,59.880497925311204,84,1103.0,54.72199170124482,0.6514522821576764,0.7116953762466002,0.7128630705394191,0.7787851314596554,1
2021-04-01,other,0,1,14,3.8074688796680505,44.19751037344398,62,1103.0,40.39004149377593,0.6514522821576764,0.7116953762466002,0.7128630705394191,0.7787851314596554,1
2021-05-01,other,0,1,4,3.5618257261410804,41.34605809128631,58,1103.0,37.78423236514523,0.6514522821576764,0.7116953762466002,0.7128630705394191,0.7787851314596554,1
2021-06-01,other,0,1,6,2.333609958506223,27.088796680497925,38,1103.0,24.755186721991702,0.6514522821576764,0.7116953762466002,0.7128630705394191,0.7787851314596554,1
2021-07-01,other,0,1,1,2.3950207468879654,27.801659751037345,39,1103.0,25.40663900414938,0.6514522821576764,0.7116953762466002,0.7128630705394191,0.7787851314596554,1
2020-07-01,other,1,0,0,0.16964285714285765,4.580357142857143,19,216.0,4.410714285714286,0.23214285714285715,0.24074074074074073,0.24107142857142858,0.25,1
2020-08-01,other,1,0,0,0.1428571428571428,3.857142857142857,16,216.0,3.7142857142857144,0.23214285714285715,0.24074074074074073,0.24107142857142858,0.25,1
2020-09-01,other,1,0,0,0.1607142857142856,4.339285714285714,18,216.0,4.178571428571429,0.23214285714285715,0.24074074074074073,0.24107142857142858,0.25,1
2020-10-01,other,1,0,0,0.0714285714285714,1.9285714285714286,8,216.0,1.8571428571428572,0.23214285714285715,0.24074074074074073,0.24107142857142858,0.25,1
2020-11-01,other,1,0,0,0.09821428571428559,2.6517857142857144,11,216.0,2.553571428571429,0.23214285714285715,0.24074074074074073,0.24107142857142858,0.25,1
2020-12-01,other,1,0,0,0.0267857142857143,0.7232142857142857,3,216.0,0.6964285714285714,0.23214285714285715,0.24074074074074073,0.24107142857142858,0.25,1
2021-01-01,other,1,0,1,0.0803571428571428,2.169642857142857,9,216.0,2.0892857142857144,0.23214285714285715,0.24074074074074073,0.24107142857142858,0.25,1
2021-02-01,other,1,0,0,0.125,3.375,14,216.0,3.25,0.23214285714285715,0.24074074074074073,0.24107142857142858,0.25,1
2021-03-01,other,1,0,0,0.0714285714285714,1.9285714285714286,8,216.0,1.8571428571428572,0.23214285714285715,0.24074074074074073,0.24107142857142858,0.25,1
2021-04-01,other,1,0,0,0.0714285714285714,1.9285714285714286,8,216.0,1.8571428571428572,0.23214285714285715,0.24074074074074073,0.24107142857142858,0.25,1
2021-05-01,other,1,0,0,0.01785714285714285,0.48214285714285715,2,216.0,0.4642857142857143,0.23214285714285715,0.24074074074074073,0.24107142857142858,0.25,1
2021-06-01,other,1,0,0,0.008928571428571425,0.24107142857142858,1,216.0,0.23214285714285715,0.23214285714285715,0.24074074074074073,0.24107142857142858,0.25,1
2020-07-01,other,1,1,13,1.2509197939661547,35.65121412803532,170,1247.0,34.400294334069166,0.20235467255334805,0.22052927024859664,0.2097130242825607,0.2285485164394547,1
2020-08-01,other,1,1,12,1.0007358351729216,28.520971302428254,136,1247.0,27.520235467255333,0.20235467255334805,0.22052927024859664,0.2097130242825607,0.2285485164394547,1
2020-09-01,other,1,1,10,0.890360559234729,25.375275938189844,121,1247.0,24.484915378955115,0.20235467255334805,0.22052927024859664,0.2097130242825607,0.2285485164394547,1
2020-10-01,other,1,1,5,1.0154525386313438,28.940397350993376,138,1247.0,27.924944812362032,0.20235467255334805,0.22052927024859664,0.2097130242825607,0.2285485164394547,1
2020-11-01,other,1,1,7,0.9713024282560703,27.68211920529801,132,1247.0,26.71081677704194,0.20235467255334805,0.22052927024859664,0.2097130242825607,0.2285485164394547,1
2020-12-01,other,1,1,10,0.8462104488594555,24.11699779249448,115,1247.0,23.270787343635025,0.20235467255334805,0.22052927024859664,0.2097130242825607,0.2285485164394547,1
2021-01-01,other,1,1,9,0.6475349521707123,18.454746136865342,88,1247.0,17.80721118469463,0.20235467255334805,0.22052927024859664,0.2097130242825607,0.2285485164394547,1
2021-02-01,other,1,1,7,0.7064017660044151,20.132450331125828,96,1247.0,19.426048565121413,0.20235467255334805,0.22052927024859664,0.2097130242825607,0.2285485164394547,1
2021-03-01,other,1,1,5,0.7358351729212664,20.97130242825607,100,1247.0,20.235467255334804,0.20235467255334805,0.22052927024859664,0.2097130242825607,0.2285485164394547,1
2021-04-01,other,1,1,8,0.7284768211920536,20.76158940397351,99,1247.0,20.033112582781456,0.20235467255334805,0.22052927024859664,0.2097130242825607,0.2285485164394547,1
2021-05-01,other,1,1,7,0.6254598969830774,17.82560706401766,85,1247.0,17.200147167034583,0.20235467255334805,0.22052927024859664,0.2097130242825607,0.2285485164394547,1
2021-06-01,other,1,1,9,0.45621780721118377,13.002207505518763,62,1247.0,12.54598969830758,0.20235467255334805,0.22052927024859664,0.2097130242825607,0.2285485164394547,1
2021-07-01,other,1,1,6,0.48565121412803514,13.841059602649006,66,1247.0,13.35540838852097,0.20235467255334805,0.22052927024859664,0.2097130242825607,0.2285485164394547,1
2020-07-01,plus yearly,0,0,232,176.51408075526888,5686.409636613681,7243,77996.0,5509.895555858412,0.7607200822667972,0.7872198574285861,0.7850903819706863,0.812439099440997,1
2020-08-01,plus yearly,0,0,240,172.83416549998128,5567.860988936107,7092,77996.0,5395.026823436126,0.7607200822667972,0.7872198574285861,0.7850903819706863,0.812439099440997,1
2020-09-01,plus yearly,0,0,254,190.52700308500425,6137.836606246825,7818,77996.0,5947.309603161821,0.7607200822667972,0.7872198574285861,0.7850903819706863,0.812439099440997,1
2020-10-01,plus yearly,0,0,214,189.06478510277157,6090.731183328584,7758,77996.0,5901.666398225812,0.7607200822667972,0.7872198574285861,0.7850903819706863,0.812439099440997,1
2020-11-01,plus yearly,0,0,192,184.87309355370235,5955.695637629626,7586,77996.0,5770.822544075923,0.7607200822667972,0.7872198574285861,0.7850903819706863,0.812439099440997,1
2020-12-01,plus yearly,0,0,81,129.7962162229128,4181.391374375875,5326,77996.0,4051.595158152962,0.7607200822667972,0.7872198574285861,0.7850903819706863,0.812439099440997,1
2021-01-01,plus yearly,0,0,63,104.28051243294112,3359.4017444525666,4279,77996.0,3255.1212320196255,0.7607200822667972,0.7872198574285861,0.7850903819706863,0.812439099440997,1
2021-02-01,plus yearly,0,0,40,93.82565385997304,3022.5979705871423,3850,77996.0,2928.7723167271693,0.7607200822667972,0.7872198574285861,0.7850903819706863,0.812439099440997,1
2021-03-01,plus yearly,0,0,52,105.49902741813594,3398.656263551101,4329,77996.0,3293.157236132965,0.7607200822667972,0.7872198574285861,0.7850903819706863,0.812439099440997,1
2021-04-01,plus yearly,0,0,66,94.70298464931284,3050.8612243380867,3886,77996.0,2956.158239688774,0.7607200822667972,0.7872198574285861,0.7850903819706863,0.812439099440997,1
2021-05-01,plus yearly,0,0,49,92.48528737625884,2979.4179995787545,3795,77996.0,2886.9327122024956,0.7607200822667972,0.7872198574285861,0.7850903819706863,0.812439099440997,1
2021-06-01,plus yearly,0,0,39,75.15800428679358,2421.2187379975962,3084,77996.0,2346.0607337108027,0.7607200822667972,0.7872198574285861,0.7850903819706863,0.812439099440997,1
2021-07-01,plus yearly,0,0,33,73.91511900189562,2381.1791285170916,3033,77996.0,2307.264009515196,0.7607200822667972,0.7872198574285861,0.7850903819706863,0.812439099440997,1
2020-07-01,plus yearly,0,1,348,96.5476446378484,2724.5128843683647,3793,34656.0,2627.9652397305163,0.6928460953679189,0.7626385041551247,0.718300259522374,0.7906567405355494,1
2020-08-01,plus yearly,0,1,290,96.59855296615706,2725.949484887409,3795,34656.0,2629.350931921252,0.6928460953679189,0.7626385041551247,0.718300259522374,0.7906567405355494,1
2020-09-01,plus yearly,0,1,283,99.44941935145653,2806.3991139539153,3907,34656.0,2706.9496946024587,0.6928460953679189,0.7626385041551247,0.718300259522374,0.7906567405355494,1
2020-10-01,plus yearly,0,1,304,100.06031929116307,2823.638320182452,3931,34656.0,2723.578000891289,0.6928460953679189,0.7626385041551247,0.718300259522374,0.7906567405355494,1
2020-11-01,plus yearly,0,1,300,99.39851102314697,2804.9625134348703,3905,34656.0,2705.5640024117233,0.6928460953679189,0.7626385041551247,0.718300259522374,0.7906567405355494,1
2020-12-01,plus yearly,0,1,166,66.61354759220899,1879.7917791700527,2617,34656.0,1813.1782315778437,0.6928460953679189,0.7626385041551247,0.718300259522374,0.7906567405355494,1
2021-01-01,plus yearly,0,1,122,48.3629118934648,1364.7704930925106,1900,34656.0,1316.4075811990458,0.6928460953679189,0.7626385041551247,0.718300259522374,0.7906567405355494,1
2021-02-01,plus yearly,0,1,124,48.23564107269226,1361.1789917948986,1895,34656.0,1312.9433507222063,0.6928460953679189,0.7626385041551247,0.718300259522374,0.7906567405355494,1
2021-03-01,plus yearly,0,1,141,54.4210029622252,1535.7259548588356,2138,34656.0,1481.3049518966104,0.6928460953679189,0.7626385041551247,0.718300259522374,0.7906567405355494,1
2021-04-01,plus yearly,0,1,116,48.032007759456974,1355.4325897187198,1887,34656.0,1307.4005819592628,0.6928460953679189,0.7626385041551247,0.718300259522374,0.7906567405355494,1
2021-05-01,plus yearly,0,1,135,48.413820221773676,1366.2070936115554,1902,34656.0,1317.7932733897817,0.6928460953679189,0.7626385041551247,0.718300259522374,0.7906567405355494,1
2021-06-01,plus yearly,0,1,96,43.4248040475004,1225.42024274517,1706,34656.0,1181.9954386976697,0.6928460953679189,0.7626385041551247,0.718300259522374,0.7906567405355494,1
2021-07-01,plus yearly,0,1,98,38.76669200723518,1093.9712952525756,1523,34656.0,1055.2046032453404,0.6928460953679189,0.7626385041551247,0.718300259522374,0.7906567405355494,1
2020-07-01,plus yearly,1,0,9,8.00861141011842,257.8256189451023,360,2700.0,249.81700753498387,0.6939361320416219,0.7162962962962963,0.7161822748475063,0.7392592592592593,1
2020-08-01,plus yearly,1,0,7,6.718335127377088,216.2870470039469,302,2700.0,209.5687118765698,0.6939361320416219,0.7162962962962963,0.7161822748475063,0.7392592592592593,1
2020-09-01,plus yearly,1,0,7,7.296734840330089,234.90778614998206,328,2700.0,227.61105130965197,0.6939361320416219,0.7162962962962963,0.7161822748475063,0.7392592592592593,1
2020-10-01,plus yearly,1,0,14,8.409041980624352,270.7168998923574,378,2700.0,262.30785791173304,0.6939361320416219,0.7162962962962963,0.7161822748475063,0.7392592592592593,1
2020-11-01,plus yearly,1,0,13,8.186580552565488,263.55507714388233,368,2700.0,255.36849659131684,0.6939361320416219,0.7162962962962963,0.7161822748475063,0.7392592592592593,1
2020-12-01,plus yearly,1,0,6,6.963042698241821,224.16505202726947,313,2700.0,217.20200932902765,0.6939361320416219,0.7162962962962963,0.7161822748475063,0.7392592592592593,1
2021-01-01,plus yearly,1,0,11,9.276641550053853,298.64800861141015,417,2700.0,289.3713670613563,0.6939361320416219,0.7162962962962963,0.7161822748475063,0.7392592592592593,1
2021-02-01,plus yearly,1,0,25,14.237531395766041,458.35665590240404,640,2700.0,444.119124506638,0.6939361320416219,0.7162962962962963,0.7161822748475063,0.7392592592592593,1
2021-03-01,plus yearly,1,0,16,14.593469680660178,469.8155722999641,656,2700.0,455.22210261930394,0.6939361320416219,0.7162962962962963,0.7161822748475063,0.7392592592592593,1
2021-04-01,plus yearly,1,0,19,13.481162540365972,434.0064585575888,606,2700.0,420.52529601722284,0.6939361320416219,0.7162962962962963,0.7161822748475063,0.7392592592592593,1
2021-05-01,plus yearly,1,0,17,12.969501255830664,417.5342662360962,583,2700.0,404.5647649802655,0.6939361320416219,0.7162962962962963,0.7161822748475063,0.7392592592592593,1
2021-06-01,plus yearly,1,0,8,11.54574811625406,371.6986006458558,519,2700.0,360.1528525296017,0.6939361320416219,0.7162962962962963,0.7161822748475063,0.7392592592592593,1
2021-07-01,plus yearly,1,0,14,10.789379260853934,347.34840330104055,485,2700.0,336.5590240401866,0.6939361320416219,0.7162962962962963,0.7161822748475063,0.7392592592592593,1
2020-07-01,plus yearly,1,1,2833,451.8469264717942,7910.403989557848,15048,72067.0,7458.557063086054,0.4956510541657399,0.5875088459350327,0.5256780960631212,0.6231007257135721,1
2020-08-01,plus yearly,1,1,2414,397.4379265537391,6957.875279491473,13236,72067.0,6560.4373529377335,0.4956510541657399,0.5875088459350327,0.5256780960631212,0.6231007257135721,1
2020-09-01,plus yearly,1,1,2189,378.3107008651077,6623.018332299264,12599,72067.0,6244.707631434157,0.4956510541657399,0.5875088459350327,0.5256780960631212,0.6231007257135721,1
2020-10-01,plus yearly,1,1,2298,421.84991161631024,7385.25157159079,14049,72067.0,6963.40165997448,0.4956510541657399,0.5875088459350327,0.5256780960631212,0.6231007257135721,1
2020-11-01,plus yearly,1,1,2372,413.35225875935157,7236.484670404927,13766,72067.0,6823.132411645575,0.4956510541657399,0.5875088459350327,0.5256780960631212,0.6231007257135721,1
2020-12-01,plus yearly,1,1,2380,432.3894033222905,7569.7645833089455,14400,72067.0,7137.375179986655,0.4956510541657399,0.5875088459350327,0.5256780960631212,0.6231007257135721,1
2021-01-01,plus yearly,1,1,2545,481.8439413272772,8435.556407524906,16047,72067.0,7953.712466197629,0.4956510541657399,0.5875088459350327,0.5256780960631212,0.6231007257135721,1
2021-02-01,plus yearly,1,1,3293,633.2703136157706,11086.551045971226,21090,72067.0,10453.280732355455,0.4956510541657399,0.5875088459350327,0.5256780960631212,0.6231007257135721,1
2021-03-01,plus yearly,1,1,3743,725.7235756178088,12705.113903749576,24169,72067.0,11979.390328131767,0.4956510541657399,0.5875088459350327,0.5256780960631212,0.6231007257135721,1
2021-04-01,plus yearly,1,1,3415,656.3310817929614,11490.271823747704,21858,72067.0,10833.940741954742,0.4956510541657399,0.5875088459350327,0.5256780960631212,0.6231007257135721,1
2021-05-01,plus yearly,1,1,3209,627.7153108647562,10989.300598199548,20905,72067.0,10361.585287334792,0.4956510541657399,0.5875088459350327,0.5256780960631212,0.6231007257135721,1
2021-06-01,plus yearly,1,1,3108,626.0638235604001,10960.388302916077,20850,72067.0,10334.324479355677,0.4956510541657399,0.5875088459350327,0.5256780960631212,0.6231007257135721,1
2021-07-01,plus yearly,1,1,2386,585.7074792503208,10253.876941807242,19506,72067.0,9668.169462556922,0.4956510541657399,0.5875088459350327,0.5256780960631212,0.6231007257135721,1
2020-07-01,premium yearly,0,0,186,36.15066701543287,699.3236986659691,1047,6192.0,663.1730316505362,0.6334030865812189,0.7821382428940569,0.6679309442845932,0.8247739018087855,1
2020-08-01,premium yearly,0,0,167,35.736332722992415,691.308527334554,1035,6192.0,655.5721946115616,0.6334030865812189,0.7821382428940569,0.6679309442845932,0.8247739018087855,1
2020-09-01,premium yearly,0,0,239,46.75071933036884,904.3784985613393,1354,6192.0,857.6277792309704,0.6334030865812189,0.7821382428940569,0.6679309442845932,0.8247739018087855,1
2020-10-01,premium yearly,0,0,250,46.439968611038466,898.3671200627779,1345,6192.0,851.9271514517394,0.6334030865812189,0.7821382428940569,0.6679309442845932,0.8247739018087855,1
2020-11-01,premium yearly,0,0,189,39.18911849332983,758.1016217630133,1135,6192.0,718.9125032696835,0.6334030865812189,0.7821382428940569,0.6679309442845932,0.8247739018087855,1
2020-12-01,premium yearly,0,0,94,29.314151190164807,567.0733716976197,849,6192.0,537.7592205074549,0.6334030865812189,0.7821382428940569,0.6679309442845932,0.8247739018087855,1
2021-01-01,premium yearly,0,0,115,29.83206905571535,577.0923358618885,864,6192.0,547.2602668061731,0.6334030865812189,0.7821382428940569,0.6679309442845932,0.8247739018087855,1
2021-02-01,premium yearly,0,0,111,28.450954747580454,550.3750980905048,824,6192.0,521.9241433429244,0.6334030865812189,0.7821382428940569,0.6679309442845932,0.8247739018087855,1
2021-03-01,premium yearly,0,0,121,28.96887261313111,560.3940622547738,839,6192.0,531.4251896416426,0.6334030865812189,0.7821382428940569,0.6679309442845932,0.8247739018087855,1
2021-04-01,premium yearly,0,0,123,23.513471095997943,454.860973057808,681,6192.0,431.34750196181005,0.6334030865812189,0.7821382428940569,0.6679309442845932,0.8247739018087855,1
2021-05-01,premium yearly,0,0,95,21.890661783939322,423.4682186764321,634,6192.0,401.5775568924928,0.6334030865812189,0.7821382428940569,0.6679309442845932,0.8247739018087855,1
2021-06-01,premium yearly,0,0,34,8.942715145173935,172.99411456970964,259,6192.0,164.0513994245357,0.6334030865812189,0.7821382428940569,0.6679309442845932,0.8247739018087855,1
2021-07-01,premium yearly,0,0,5,4.868427936175777,94.17826314412764,141,6192.0,89.30983520795186,0.6334030865812189,0.7821382428940569,0.6679309442845932,0.8247739018087855,1
2020-07-01,premium yearly,0,1,96,29.768602540834877,475.3053539019964,729,3650.0,445.5367513611615,0.6111615245009074,0.7380821917808219,0.6519963702359347,0.7873972602739726,1
2020-08-01,premium yearly,0,1,112,33.19872958257713,530.0730490018149,813,3650.0,496.87431941923774,0.6111615245009074,0.7380821917808219,0.6519963702359347,0.7873972602739726,1
2020-09-01,premium yearly,0,1,153,43.24410163339394,690.4641560798549,1059,3650.0,647.220054446461,0.6111615245009074,0.7380821917808219,0.6519963702359347,0.7873972602739726,1
2020-10-01,premium yearly,0,1,146,41.447368421052715,661.7763157894738,1015,3650.0,620.328947368421,0.6111615245009074,0.7380821917808219,0.6519963702359347,0.7873972602739726,1
2020-11-01,premium yearly,0,1,130,41.5290381125227,663.0803085299456,1017,3650.0,621.5512704174229,0.6111615245009074,0.7380821917808219,0.6519963702359347,0.7873972602739726,1
2020-12-01,premium yearly,0,1,69,31.361161524500915,500.7332123411978,768,3650.0,469.3720508166969,0.6111615245009074,0.7380821917808219,0.6519963702359347,0.7873972602739726,1
2021-01-01,premium yearly,0,1,82,27.23684210526318,434.88157894736844,667,3650.0,407.64473684210526,0.6111615245009074,0.7380821917808219,0.6519963702359347,0.7873972602739726,1
2021-02-01,premium yearly,0,1,77,27.84936479128862,444.6615245009075,682,3650.0,416.81215970961887,0.6111615245009074,0.7380821917808219,0.6519963702359347,0.7873972602739726,1
2021-03-01,premium yearly,0,1,114,33.11705989110715,528.769056261343,811,3650.0,495.6519963702359,0.6111615245009074,0.7380821917808219,0.6519963702359347,0.7873972602739726,1
2021-04-01,premium yearly,0,1,85,26.256805807622527,419.233666061706,643,3650.0,392.9768602540835,0.6111615245009074,0.7380821917808219,0.6519963702359347,0.7873972602739726,1
2021-05-01,premium yearly,0,1,85,25.93012704174231,414.0176950998185,635,3650.0,388.0875680580762,0.6111615245009074,0.7380821917808219,0.6519963702359347,0.7873972602739726,1
2021-06-01,premium yearly,0,1,114,27.84936479128862,444.6615245009075,682,3650.0,416.81215970961887,0.6111615245009074,0.7380821917808219,0.6519963702359347,0.7873972602739726,1
2021-07-01,premium yearly,0,1,44,17.926497277677015,286.22640653357536,439,3650.0,268.29990925589834,0.6111615245009074,0.7380821917808219,0.6519963702359347,0.7873972602739726,1
2020-07-01,pro,0,0,161,75.99167360532897,1994.8326394671108,2583,23685.0,1918.8409658617818,0.7428730026565163,0.791049187249314,0.7722929304944293,0.8223770318767152,1
2020-08-01,pro,0,0,162,74.5206772134336,1956.2179929423894,2533,23685.0,1881.6973157289558,0.7428730026565163,0.791049187249314,0.7722929304944293,0.8223770318767152,1
2020-09-01,pro,0,0,233,80.72828198723278,2119.1718012767137,2744,23685.0,2038.443519289481,0.7428730026565163,0.791049187249314,0.7722929304944293,0.8223770318767152,1
2020-10-01,pro,0,0,172,83.81737441021369,2200.262558978629,2849,23685.0,2116.4451845684152,0.7428730026565163,0.791049187249314,0.7722929304944293,0.8223770318767152,1
2020-11-01,pro,0,0,156,84.17041354426874,2209.530074144562,2861,23685.0,2125.3596606002934,0.7428730026565163,0.791049187249314,0.7722929304944293,0.8223770318767152,1
2020-12-01,pro,0,0,82,61.66416874826541,1618.7259823163238,2096,23685.0,1557.0618135680584,0.7428730026565163,0.791049187249314,0.7722929304944293,0.8223770318767152,1
2021-01-01,pro,0,0,75,54.63280599500422,1434.1479719281551,1857,23685.0,1379.515165933151,0.7428730026565163,0.791049187249314,0.7722929304944293,0.8223770318767152,1
2021-02-01,pro,0,0,66,50.955315015265114,1337.6113556163514,1732,23685.0,1286.6560406010863,0.7428730026565163,0.791049187249314,0.7722929304944293,0.8223770318767152,1
2021-03-01,pro,0,0,81,52.74993061337773,1384.7212243765116,1793,23685.0,1331.9712937631339,0.7428730026565163,0.791049187249314,0.7722929304944293,0.8223770318767152,1
2021-04-01,pro,0,0,79,47.4249236747155,1244.9362039570199,1612,23685.0,1197.5112802823044,0.7428730026565163,0.791049187249314,0.7722929304944293,0.8223770318767152,1
2021-05-01,pro,0,0,75,42.86483485983922,1125.2307997303835,1457,23685.0,1082.3659648705443,0.7428730026565163,0.791049187249314,0.7722929304944293,0.8223770318767152,1
2021-06-01,pro,0,0,59,39.33444351928972,1032.555648071052,1337,23685.0,993.2212045517623,0.7428730026565163,0.791049187249314,0.7722929304944293,0.8223770318767152,1
2021-07-01,pro,0,0,37,32.15598112683881,844.1161730304112,1093,23685.0,811.9601919035724,0.7428730026565163,0.791049187249314,0.7722929304944293,0.8223770318767152,1
2020-07-01,pro,0,1,195,43.32607736431828,1157.074863950581,1588,12172.0,1113.7487865862627,0.7013531401676717,0.7835195530726257,0.7286365642006177,0.8139993427538613,1
2020-08-01,pro,0,1,166,38.36049419032224,1024.4630092660686,1406,12172.0,986.1025150757464,0.7013531401676717,0.7835195530726257,0.7286365642006177,0.8139993427538613,1
2020-09-01,pro,0,1,190,45.536034710986996,1216.094425650831,1669,12172.0,1170.558390939844,0.7013531401676717,0.7835195530726257,0.7286365642006177,0.8139993427538613,1
2020-10-01,pro,0,1,185,46.19083688777755,1233.5817031916458,1693,12172.0,1187.3908663038683,0.7013531401676717,0.7835195530726257,0.7286365642006177,0.8139993427538613,1
2020-11-01,pro,0,1,225,48.75547874687459,1302.0735402265038,1787,12172.0,1253.3180614796293,0.7013531401676717,0.7835195530726257,0.7286365642006177,0.8139993427538613,1
2020-12-01,pro,0,1,144,36.39608765995001,972.001176643624,1334,12172.0,935.605088983674,0.7013531401676717,0.7835195530726257,0.7286365642006177,0.8139993427538613,1
2021-01-01,pro,0,1,131,31.703338726283278,846.6756876011178,1162,12172.0,814.9723488748346,0.7013531401676717,0.7835195530726257,0.7286365642006177,0.8139993427538613,1
2021-02-01,pro,0,1,132,33.5858949845566,896.9516105309605,1231,12172.0,863.3657155464039,0.7013531401676717,0.7835195530726257,0.7286365642006177,0.8139993427538613,1
2021-03-01,pro,0,1,150,35.632151787027624,951.5993528460068,1306,12172.0,915.9672010589792,0.7013531401676717,0.7835195530726257,0.7286365642006177,0.8139993427538613,1
2021-04-01,pro,0,1,129,30.3664509486689,810.9724959552875,1113,12172.0,780.6060450066186,0.7013531401676717,0.7835195530726257,0.7286365642006177,0.8139993427538613,1
2021-05-01,pro,0,1,151,30.421017796734873,812.4297690836888,1115,12172.0,782.008751286954,0.7013531401676717,0.7835195530726257,0.7286365642006177,0.8139993427538613,1
2021-06-01,pro,0,1,105,24.8551992940138,663.7879099867628,911,12172.0,638.932710692749,0.7013531401676717,0.7835195530726257,0.7286365642006177,0.8139993427538613,1
2021-07-01,pro,0,1,100,22.34512428298285,596.753346080306,819,12172.0,574.4082217973231,0.7013531401676717,0.7835195530726257,0.7286365642006177,0.8139993427538613,1
2020-07-01,pro,1,0,4,9.157710280373834,188.6214953271028,234,1651.0,179.46378504672896,0.7669392523364486,0.7952755905511811,0.8060747663551402,0.8358570563294972,1
2020-08-01,pro,1,0,9,7.083528037383189,145.89953271028037,181,1651.0,138.81600467289718,0.7669392523364486,0.7952755905511811,0.8060747663551402,0.8358570563294972,1
2020-09-01,pro,1,0,10,7.866238317757023,162.0210280373832,201,1651.0,154.15478971962617,0.7669392523364486,0.7952755905511811,0.8060747663551402,0.8358570563294972,1
2020-10-01,pro,1,0,12,9.627336448598129,198.29439252336448,246,1651.0,188.66705607476635,0.7669392523364486,0.7952755905511811,0.8060747663551402,0.8358570563294972,1
2020-11-01,pro,1,0,14,8.844626168224323,182.1728971962617,226,1651.0,173.32827102803736,0.7669392523364486,0.7952755905511811,0.8060747663551402,0.8358570563294972,1
2020-12-01,pro,1,0,18,8.727219626168221,179.75467289719626,223,1651.0,171.02745327102804,0.7669392523364486,0.7952755905511811,0.8060747663551402,0.8358570563294972,1
2021-01-01,pro,1,0,8,8.688084112149568,178.94859813084113,222,1651.0,170.26051401869157,0.7669392523364486,0.7952755905511811,0.8060747663551402,0.8358570563294972,1
2021-02-01,pro,1,0,18,12.797313084112176,263.58644859813086,327,1651.0,250.78913551401868,0.7669392523364486,0.7952755905511811,0.8060747663551402,0.8358570563294972,1
2021-03-01,pro,1,0,8,12.562500000000028,258.75,321,1651.0,246.18749999999997,0.7669392523364486,0.7952755905511811,0.8060747663551402,0.8358570563294972,1
2021-04-01,pro,1,0,17,13.462616822429936,277.2897196261682,344,1651.0,263.8271028037383,0.7669392523364486,0.7952755905511811,0.8060747663551402,0.8358570563294972,1
2021-05-01,pro,1,0,26,12.405957943925245,255.52570093457945,317,1651.0,243.1197429906542,0.7669392523364486,0.7952755905511811,0.8060747663551402,0.8358570563294972,1
2021-06-01,pro,1,0,16,11.075350467289724,228.11915887850466,283,1651.0,217.04380841121494,0.7669392523364486,0.7952755905511811,0.8060747663551402,0.8358570563294972,1
2021-07-01,pro,1,0,11,9.314252336448618,191.84579439252337,238,1651.0,182.53154205607476,0.7669392523364486,0.7952755905511811,0.8060747663551402,0.8358570563294972,1
2020-07-01,pro,1,1,962,116.65916633852726,2033.2308601001293,3515,14205.0,1916.571693761602,0.5452551049108398,0.6823653643083422,0.5784440569274906,0.7239000351988736,1
2020-08-01,pro,1,1,942,112.1122799122461,1953.984024301063,3378,14205.0,1841.871744388817,0.5452551049108398,0.6823653643083422,0.5784440569274906,0.7239000351988736,1
2020-09-01,pro,1,1,1014,120.74140743657517,2104.3794791022106,3638,14205.0,1983.6380716656354,0.5452551049108398,0.6823653643083422,0.5784440569274906,0.7239000351988736,1
2020-10-01,pro,1,1,1202,140.62158969454913,2450.8674692017776,4237,14205.0,2310.2458795072284,0.5452551049108398,0.6823653643083422,0.5784440569274906,0.7239000351988736,1
2020-11-01,pro,1,1,1097,127.01411936772229,2213.7054058615063,3827,14205.0,2086.691286493784,0.5452551049108398,0.6823653643083422,0.5784440569274906,0.7239000351988736,1
2020-12-01,pro,1,1,1335,155.42386229397562,2708.8535185914384,4683,14205.0,2553.4296562974628,0.5452551049108398,0.6823653643083422,0.5784440569274906,0.7239000351988736,1
2021-01-01,pro,1,1,1843,187.5507678460931,3268.7873656972492,5651,14205.0,3081.236597851156,0.5452551049108398,0.6823653643083422,0.5784440569274906,0.7239000351988736,1
2021-02-01,pro,1,1,1481,182.3401023794795,3177.9716487596334,5494,14205.0,2995.631546380154,0.5452551049108398,0.6823653643083422,0.5784440569274906,0.7239000351988736,1
2021-03-01,pro,1,1,1989,235.27648084603743,4100.589919558981,7089,14205.0,3865.3134387129435,0.5452551049108398,0.6823653643083422,0.5784440569274906,0.7239000351988736,1
2021-04-01,pro,1,1,2270,259.9026832423924,4529.795409799179,7831,14205.0,4269.892726556786,0.5452551049108398,0.6823653643083422,0.5784440569274906,0.7239000351988736,1
2021-05-01,pro,1,1,2326,253.72953816729478,4422.204815210665,7645,14205.0,4168.475277043371,0.5452551049108398,0.6823653643083422,0.5784440569274906,0.7239000351988736,1
2021-06-01,pro,1,1,2422,273.3110198571185,4763.486808797885,8235,14205.0,4490.175788940766,0.5452551049108398,0.6823653643083422,0.5784440569274906,0.7239000351988736,1
2021-07-01,pro,1,1,1924,254.1278055914945,4429.146143893795,7657,14205.0,4175.0183383023,0.5452551049108398,0.6823653643083422,0.5784440569274906,0.7239000351988736,1
2021-06-01,premium yearly,1,1,8,,,17,,,,,,,1
2021-07-01,premium yearly,1,1,44,,,196,,,,,,,1
2021-07-01,premium yearly,1,0,0,,,9,,,,,,,1
